4d675c67-a13e-47b1-9da4-68f6e133f310,517bcd5d-beb6-48b0-866a-54505e0294f8
a96e447c-dc1f-456a-8f60-c25d722afe1c,bc457800-6f3d-4b5f-bdfd-3d299ab8e842
0d3c12af-db6d-455c-98ba-fb81e21e6264,5856a4b7-7cac-497d-8eb8-9b51a1f3b9d3
a67f3b28-b21f-45cb-9366-9004a44b5d8a,0435a45d-034b-426a-a9da-b38ed2d21667
10711d7c-424a-4cee-93b8-78bd77a2477d,b5f6aaa4-a767-464a-82fc-a07ca0f8301f
f517522e-d873-4ffb-a9ce-267000b78788,1679a0ef-1c07-4dde-b2d4-69ba6bc8f998
55c7cc15-3ad3-4f46-9c85-3dc4447535db,acd02d64-24e9-414b-a13a-c9df697a7a03
1d265809-3dc9-4cdd-b733-a314521e809a,d4e43617-4940-44fc-94da-39ce9da8a05a
17d64e8e-f909-48b6-a389-97fcbb5d1025,53eeced1-471c-422e-abe4-ddde186995d0
aa4bc6f3-5bc8-44cd-a69e-35453f43c1fc,e93e3186-0135-4f72-8999-e4103d1f4539
692881c4-42b7-4bc5-917f-22c500ee18b3,028c88bd-34be-4307-b680-6d22d16eedf6
85c8dc6b-7286-4a81-9549-d306f00cfedd,02f7a958-2d0f-489d-b5ef-2db592fd8bab
4ab8186f-dc24-4fe9-9ad9-6c602f5f028e,3980ddcc-122d-4ec8-8b8b-8f9b0e37e1af
b6f03a46-c561-4ae2-a54a-5b762a1170de,06dbbc71-1b38-4af9-a41f-b795d6dc0a03
ece79397-6be6-4a58-8eee-63c05630956f,362c8774-5fa0-4b18-8f19-f6ddcc55729d
5a7e7e60-2640-4b7e-aad4-63e1e68dd447,48dfe8b4-5388-41b7-a8fa-6594a2499e04
2d97659b-cd63-476c-b80f-478d1fa4aa8a,77495d92-58b5-4e2a-b032-c2699126a10a
6df11bbf-3daf-4cb2-b56e-39c5e8050891,b770143c-455e-4d87-ad02-40679f3b72e6
1ab26039-c77f-453a-ae6c-ec669f54b034,279fcc99-172f-45f3-b4fe-68510b2bb82d
49e8184a-ad41-4e46-9330-c7f638076b6a,aa9d733f-bca6-432f-9929-58ac21fdfd4f
89e4a560-f075-404e-92e9-6393df18d856,aa6336c2-add3-43bd-a6bb-19499b1fb24c
f3c03336-9de3-4f4c-a392-0a97c1e50453,1723c016-285b-49e1-91c1-66e6fd0684df
3a7d7be9-4592-46f7-980e-ef0efe4ffda5,f324a2f9-6112-4293-a36f-92a36b82ea35
97c46f8d-2882-4a36-a161-a6d6040cd6b9,cc14dba9-5f31-414e-a2fd-ef9606f087da
8a51afd9-2bf7-418f-8239-4395f4bcfc90,5be8df03-63f8-43ea-97f0-8bd7c27641f5
3a441097-c4de-4670-a786-7ba838287899,1056d67a-1dc9-4d4d-b002-472793993460
8443c2c4-708e-4ab3-8823-7ae82d82789a,c13db701-31b8-437f-b2e3-f93cfce4db5a
e7368bcf-e1aa-4ae6-a158-5aa2d882a44b,a81e34ad-436b-4f14-8efd-9946c3bd30e7
4bc2a2e8-4bb4-497c-bdb8-613dd2c09a0f,415c0e6c-ff75-4d19-a755-5d268a0b7249
58a74572-1971-4c44-b205-195f7f268a7a,396949c4-7f91-44c9-84b5-bcd3f9983e93
faba036e-7e03-4b49-a84d-8a70fc9d095b,44a75e4b-cbe5-4e21-bb18-333dc6224f5d
b510ac55-2d0c-4bec-bf44-932c05390aec,41d51e2f-e2db-42c4-924a-c407f2c96ddf
532262c0-0d52-4614-af84-77bb613c6bed,3961afca-624e-4729-bbd0-4a76cb5dc66c
c1d91a13-e6d3-4ea1-96f6-4a912226e4db,2b309a6f-f677-4a34-965b-953831e73375
256bf65b-ab69-4ad2-bb1f-8ce11fc95861,8d7d7965-ccfe-431b-9795-80737417a374
6b5ecd04-17f9-4fba-ba33-1a958dd97c04,031e3f74-5dfa-4c30-aeb3-64832b323683
21bd58d7-c9c9-4d73-b545-df06b98b785e,d26a45b3-6a4d-4e5e-9bfc-24865a72c938
8df2b66d-85b4-463d-bb89-47f7a0b9aa93,1a889113-a1d2-4251-b21e-2dded08de05e
ec62826b-b3fa-4c39-bcad-e463ffa08fa1,cc50a055-0a3e-4e2c-a9a2-749cf2fde99b
2329ea68-3eee-40d0-89c2-90745ac66ea3,4c1ba3ef-01d8-4b6d-a123-c7b8db686865
5f997880-fc97-403d-a255-0357d19271fd,10564533-7d88-4f77-b690-9aebea8ff344
3f386230-e95c-4724-bf62-1e5708d5ea0e,ac7ff8a6-a686-4e80-b327-8707a78aa80e
7da1a08d-0c3b-4746-9a9c-3241ab978071,d7527c9a-20d6-47d8-b37e-05b181458394
aac8a219-507b-4a1a-ae1b-e287600c7d3b,93cc6323-9e08-488f-b650-2c8d406e16f2
87ada56f-d21e-4619-bd1c-f3c67e9d6e51,03d52aff-4169-454c-b7ea-5be17cfa7ab7
e2e02f4e-a1d2-4c9f-ba0a-37b9c689a46a,4e9a1988-00fd-40eb-8d15-0cc5a69f8e3a
ec5ad36f-94a9-4882-a0ce-90d026a124a5,020c4f85-8c54-4111-b483-7cf69897f15a
342d8530-8eeb-436d-9316-c1295f2feec6,861ff43b-9ee9-4f86-905f-86316bfa6c9c
56432f8a-2e13-47a8-b9b5-1c28eb795e4a,8e7320b4-17d6-41d2-b742-a3e949111138
8cad77b9-dbde-4ed1-ab10-d25568d95c29,80b74bb6-8b94-47fb-8c28-f5e58cce6662
dacd8efa-5ed2-4f8d-ae08-e53448d257a6,d9c43f33-f5fb-419a-9288-55d9266c348e
4f9abbd7-2e5f-4848-b5d4-1d27d5ff095d,0b679102-6557-4848-8f76-86e005bc0528
4f325203-a439-4be3-a329-43d2a2edc79f,84db3613-69d4-4ba6-ab84-5eb8eabe80c6
4281df10-f05d-4f60-a45e-0fb357a16cc8,91d2c499-fb4e-491d-a1d7-50621114a3e7
a4dabaec-04d0-4c05-ac92-21f54bf1ceeb,dcc75877-df5a-4495-99de-5198302ca449
711e07e1-3fcd-448a-bc93-712c2cac1ea2,e9fb5363-232b-4927-8147-3b2997668929
5480c328-89de-4d31-b60b-903af8fecdf0,dc2e6658-9973-4cd2-870a-74425957d8a8
5a29b054-6100-4e66-9ea5-15e1ec42c0df,aed46066-60ab-44de-81ec-738678f05a20
c67c2cd9-dca2-4cd3-8a76-d5116931f200,e223485d-f5bf-46b7-99ef-875a1ec63fbf
7a4271a8-c1cb-4d4c-8bf5-5a443936ba49,e5c9e5c5-f648-4f5b-83c8-0a86f3032328
517822f2-1e67-4cbd-bae5-e79e7ea33177,14e92568-813c-471b-87b0-9548830ff3b1
baef8629-3a17-46e0-a10f-86f85752ef27,06afc9aa-7f8f-4ee7-9b59-cfcc6491fde3
1c6c39e0-c3fb-4d4c-aca3-2ff0f99922de,2a1f7baa-9b66-4917-bb7d-b545fde3d2ce
c2417bb0-0949-4b02-b6b3-c43901487048,41bcac86-6bcb-484f-aa5a-4a2c84127923
201f7fb7-ac60-4cca-82b6-be4693778e1a,507639fa-b477-4f1c-be89-8d92d4937342
c8687031-9fb1-4723-8ec3-60106383f2a4,a806e26c-d5e3-4523-adf5-c52529e70963
17ed7b2e-8a54-4a5b-8b36-8bf86501a222,44704c32-89b0-4214-819f-f455b4281c79
07157202-643c-4780-8790-aded1e8b9b81,ea497599-81e6-4aa8-aa0f-e3aa90faece1
408958e1-fce5-4228-b721-e34130665dd4,35b51606-affd-4c76-b1a7-2102a0e17979
3b5f46c4-65f2-41f1-9616-8a7d18e90275,ad2d12b7-ff84-4a9c-8516-2d4eb880f0ce
ffcfdaf5-b55a-474e-8b2b-c4a0e1a8dc5c,7c7c5270-f93d-4f96-acec-2ee7368fe816
037c236c-4950-44dc-a0bd-55cd74c39b9e,f19c0388-86be-4f3a-ab04-e20a171fdd2a
c995a649-5818-4e60-9c03-b1c12d249473,2a3c7195-6d3e-4b32-b91a-bfb1a16d8e5e
0140db11-e7f4-44cd-8dae-c6f483b5a7da,e36ec062-c542-44b0-b267-a57d3a8c544f
8903e821-f89b-4e8d-acd3-184df2b5daea,8ffff107-ea88-46a8-b445-58889591b7e9
33bc179f-255a-444d-91bf-5f80052f4bf3,127e4a65-2cfb-42f6-bc9b-2587ca3925c4
801dddca-a7b8-4e4e-926a-429e9fcafef9,cdc6782e-912e-4fd4-8727-5926017bf2db
3ee8904f-ed84-44b5-8cbe-b0660ddd5e16,ee1f2aae-5031-4611-a1ad-ad5561d473f5
91e2a3ed-eed2-44f3-ae09-fe38cbc3f99b,7a2d9ada-e7fe-4da6-985a-ecc127e76fbb
54e9b7e6-c945-4a4e-a57f-f2e20bf32a98,5fd87e7e-c2f7-42bc-8ebd-20a390cb484c
84e71258-7e11-4523-a053-e2fb470c0159,70af714b-4a63-42d9-9975-cf036083632b
de4c93c6-48c2-4ad2-91ad-acde0bc330fd,20cbf1df-fb0c-4a5c-9414-6c4c5378eab7
4aa53836-0c89-4f20-a9fe-9463fbee417e,5b0b5cfa-b05d-4fa8-ae8a-6abfa414136d
ac18b011-08f5-4d38-a2f8-7d0df096775f,121c7eda-3f09-487a-80e7-4bfe0a7af36e
94226239-733d-4f55-90b1-06cb315b93fe,175af112-6561-4888-911c-35f067e1488d
8f0d604a-9f0e-4a6d-8b3d-6549d6adcb47,48f3c19f-cc59-4ed8-83b1-f90af0ad7c3f
e07e8962-bdbc-4d19-91e7-4a1c97c398b8,d2ff3551-8814-417a-bb22-f3c146bedfdb
da013f9f-cee1-4b60-8e59-8d23c9a95252,10106c0f-b1b3-4d72-8225-ce7edcdb35d7
25a47594-39db-415d-9c15-bb6ff4fd8bc2,183f3ec7-f25f-4e20-bca2-5697c0be1f04
581bd444-856c-48d4-b30c-a4017dc2b284,92d41553-0ab4-4851-8439-f05d06da2a04
aa78c0cb-ad90-471c-b8b5-e30eaa10ba65,fe9ed527-e3c9-4d98-b889-2f8d0c62326a
4d83cb4c-f5cd-414b-aa26-fb19bbdf568e,f652fea7-57ea-42c6-bd86-a512b77f2247
0c2248c7-394b-46c6-97f6-8d016eb0b68a,4b63dbea-5ccc-4edc-8b48-734ee08e155c
6d5a2a8a-d735-4f1a-a55f-a52d115c28bb,dc8f398a-51a2-421f-9648-4517f40892a0
51d01e9b-9cf1-447c-9ba4-095899c0919e,322ec7d7-a130-4d01-8178-99c8d90516f6
f475d50e-28e2-49b5-81c5-2ab939906537,769e5392-9cce-4988-92fe-89b8c6c8c387
518dd2b9-8088-4f8d-825b-e17b10003642,297afbd0-ecb5-4cd0-b616-3e3d84d4ee04
f1a1fb95-8bc2-41c8-8e28-2f4f37231565,8cc3c67c-66d4-47a4-88f9-9542d1479e98
13cc954a-564d-4ce9-861e-4bdf838324d4,ebbfb7eb-94c8-483b-bf4d-7346f0ddfcd0
c8d0dc1f-0f34-49d9-8de9-e6e9e5b6bb9c,55fd973b-0ef2-4cc1-bd3e-3ab6b6f4f47d
347a83d2-1ff7-4de1-89ea-a62cee979eb6,920e6e03-083d-414d-92f9-0d30c7b68433
6561a2f6-2537-4529-a24b-fcfdd16a9f73,fd3a0dd4-6e9e-4eeb-b63b-83dedf1600e8
c94a2b40-1a40-4a20-8a9b-3439b90ff150,5111d6b7-3556-46d3-bb49-8f8c675ddf38
b6a3af7d-6c53-434f-a930-9c993fb5d934,b12c124a-c066-4f3e-96d9-0e4b6a284af2
35942684-f404-4b6e-9b36-5649af4e20d5,fb77b3cc-2d35-45ec-9900-78253832385e
4edbd657-d4c0-4a83-9d5a-08399a183f32,4c0a5a5d-f5b9-4fed-b3fd-d222dadbaa6b
4943163b-a16f-4065-bd67-022d5e9af194,fd5d738c-5539-4eb8-8bab-c4525e8d1e21
df784ee9-8fb1-4d2a-9f79-bd82a17509aa,ccedc069-eb7d-488c-bc84-f4c1a971a70a
d778edee-3f51-48df-9a6f-f3f6d9643fb3,5817ea67-8639-47ab-85fc-a2bd055f8176
a51ea3f8-1916-48ed-a477-a50cc73b07a0,57588554-a3dc-490c-8f5d-5726a4f49116
5efa2547-2f6e-4616-ba06-81752afa24ea,4d311ecf-b754-444f-ba34-fe8f4fefb17e
40e59052-3bc2-4e27-88f6-b361f8e4ac16,7e33d2dd-4874-4577-8d61-1278e87603ea
8821a28c-1147-4ed7-895a-ae0d440ff8fe,4af18338-c6de-40c2-8275-5c7161812a84
1e8d29f9-4f16-4c33-9db8-1ab9fbf15622,69ea5394-3f1f-4746-b06b-1a29ba288d21
e7068d07-1d63-48af-bdc8-8171b0940a86,0d6e6478-3eab-4139-bfce-3329e4fc96cc
cc40f22c-dd86-453b-b7a0-18abd82343f5,bb84135a-58f2-4500-af41-7a7a99876081
c29acf0c-92ae-46bf-b391-7155903cadae,bb7a3ac7-f00d-447d-94a5-f11507871df9
f9e609ba-660b-469c-b1c8-079f2859473a,4604747f-abd7-40ef-b021-db3ee22d201b
f4eff790-3801-4095-959a-ab076f25c776,dd769e96-8529-46b3-8db4-3245781b484d
ded44528-6bf2-4691-9a14-9cd4d8877c0c,b6fa7bf5-dfb2-48c6-adf4-4d282f511b04
5dd3b3c5-d472-444d-854f-e933c60004f1,fac8808a-11c3-4be5-b9fd-014ffbc1cc9d
cd38aa4b-b6a2-4167-a4b9-281c7771997c,00d1666d-c7f7-4232-a579-09237e8182ff
469226e0-dee9-4abd-a97a-e50ac2f99dc2,0a922c9d-0c76-4918-b45e-efe6044d14f6
8b245bef-b53f-4d4b-b174-be977ee8a405,5e693a61-c170-4f86-b084-01f6e581466f
8923a0a1-0b2b-4bd1-b410-de63993f06e3,81789bcc-013f-4315-a22a-5fbf080982bf
2bb0a92f-2626-49d3-ba3a-bfeecd325dcf,1d9e9bb6-7c8b-448a-996c-e618477acec5
37b6d684-cdee-4d28-bbe3-81bc7cb6fd88,944dcfd1-70ea-46cf-9c0e-2ad5dd165f22
1028a417-607a-4276-99d0-0687738b09ab,a5d3a6fb-6456-4b1e-ad14-c0b8ac53b587
1ffca2d0-149c-4bf2-b310-11bceae1765e,f212c426-89d3-44b1-84b2-492004dac2e2
81f3b155-d517-46dc-9776-6f4b83a9ba39,e7982b0a-0d84-4aa4-a02b-fcbf21a1e10b
24643cf3-1733-4230-a985-b1607ae73692,2c2e9a81-06f1-4adb-9fbb-3d628a6b3142
986a01bd-4a7a-407f-b872-f21581adf485,4945cd6d-d009-41ec-b531-c9e08f22a060
a219399f-9567-4b9a-a86e-6d46301103e5,87235746-6742-4dc2-96a9-ce5fe8e7944d
89d11735-685c-4510-8cf9-a1ef1161ed69,6967370e-b645-4172-99b4-ac8ad5a54418
1e7f5728-74b7-4264-8b45-0e77e4d6082e,44faca6e-6390-4098-97ff-b51596e1ba5c
e6930453-946f-49ae-a4db-b92f84f702a4,3d70c954-2760-483b-abf0-3dae74cd9759
d4f974f1-22f8-4517-937b-9a91b17b5dd2,3fec8fad-403c-4c8e-af7b-b930f8c89b51
cb46e9e5-a51c-42b6-a5a4-6028d75bdadf,0ac272c4-1af3-4e15-8044-7088011184f1
10b5fb5c-a32a-4572-88e4-53055855b7ca,b57ab9d5-ff20-4dc1-930b-a01333524e96
8cbe7db9-2106-4c92-ad74-bdd4b667fdd6,17a92a08-e555-4f7c-b5b8-92b2a77e5f2a
34ecfa34-702f-46f6-a1bc-271a636b0bfd,c3c38f1d-2cde-44ab-a7a2-dac086726149
c981a3a6-542f-43a4-b1b9-3a74de551c9a,448da9b6-21cf-48fb-9a87-eab21a359386
f394bcba-2ca7-489a-a686-0b9d3091afd0,88b97e7e-ae62-4b2f-94e8-be435f2c6b10
666f293f-07f9-409d-aa92-2f34c39bc25f,41414bb6-8d45-4f97-8537-c954cdf48d4e
30eb23f2-8fd1-4731-9e0c-c49ada24b46a,b81a8dd5-a9da-4f2c-90bb-53fc9641633b
b3897f07-2b73-47fa-9606-f3250cd8aedb,44c6c7f3-ae0e-408e-8fb8-bd5e30b9f0c7
337129da-9f01-4c76-b9d7-f3e818edd996,2e23dc7b-590d-4f45-a9d9-24fd8f48ccc9
5d4d4326-8c60-4245-8bd6-2effa835d2b3,6c359a2f-5daa-4502-8d68-81f6a05297c1
dac4b137-8d7f-4c29-b786-14a95b7e797d,f9857208-4356-49bb-9122-fc2f39eab83f
236de4b4-7c44-4a87-8d9c-94369e86ce87,5e66bf2d-0521-4b59-a67e-3a1a31f7ff7b
ecb700ef-d8c1-455f-9860-a09508be9652,70ce8822-46ef-4935-8e88-1d61067a97af
472b1438-9b21-4fea-aec8-01fa2deadcd9,06bbeb8a-490d-48ab-9660-bd178832e853
1dc54939-9a53-4408-8ba7-8f0a1fb2ab20,f65a94da-51e2-461c-9406-6fb3fcb78bc2
bb653515-a313-437a-806b-f722f0f26a5f,4c151d90-760a-4539-8b71-72b027e144c3
0d183f6d-ae14-4007-b228-55e0047328fe,e50a5399-2e33-46d3-89f3-00ce4b625ed1
3ab2af53-c321-448f-8052-8453bac1cf34,7b13c4d8-0e63-439c-a152-cd46486fd512
f087d834-6a2a-44a5-99a3-58ae56b9ac3f,97620e14-e345-46cb-a1eb-92e8730ec9f0
7c68f9c8-0345-4650-9f0f-3afe67cc9d38,378bd111-c536-45f9-b7e6-28f7a4c35142
79eeac1f-e69a-47bc-b5fb-fb757fee980d,6e436679-ac24-4d70-9566-5dfbaf4c1b28
a43e24dd-2830-4ebe-8d17-d6a538b1bd3f,c3e01877-d6d6-43d5-b2fc-f4986d9fff65
7f9558ea-50c4-4a48-8efb-78cd2472e301,c8db13bc-aa69-4088-a221-e2d62d42245e
54748ac6-37d7-4ce2-a620-458aed18ee6e,80dcaa13-a6e3-4064-bb44-0d8d55c1ed74
0dc14e68-3816-491c-86f8-b08e918297df,17b66ec3-1708-4643-a3c3-08c64a9d03e0
8f7e96e3-92f1-43c7-a35a-4e919b77eed9,e52e51ed-0a2e-43ce-9e55-a21470970180
955d9693-cc0f-4dca-b7d0-6be1dbb37171,f1e084d2-775e-46e5-88bc-e1aca22233de
ad737b29-dfde-4377-ab2e-b4ebc9d1ff8e,c464662e-20c3-429f-abb5-0432a9354ed7
3807bde6-d2cc-44f1-86ee-0b5640efc5bd,8cde8899-6697-4ab4-a432-c97b2e2c26ae
528b893a-4f65-44ec-8abd-51560e15be31,3708e648-44b0-45f6-8cad-f20a8fe6e575
358bb0e4-21c8-46a0-8d8b-b3a3d7a25eb9,a84ea3e2-f868-4496-922b-787e06146775
335b5b19-4a8e-48ea-89e2-998aa2824ec9,24acdf9d-0c9d-4264-b6b0-b33ad7e774e3
f050080a-91e6-42a2-9b65-87b515db3286,66a531d8-5d3e-4612-8ed4-a39a18c6451b
244b8cf7-36bb-4486-b03a-75547aea9537,ee257bad-b8df-4fe2-b4b8-706732736db2
480cb694-9fa3-4f38-8785-a63284c4eac0,4b5dd211-248a-46a9-b58f-0d0b2efdf18f
1a751026-7d0f-406b-854a-d9ef1c7b229b,f94fa2f8-9a4f-48bf-b26a-99d5e1bb2002
91042da0-654b-4ec8-87ea-6a1b23785304,3954808b-62f5-4bea-93cc-f631015b2c62
eb897cde-461e-4f4d-a669-04b19bf8c132,c3f0f0cf-1354-41b9-aa87-ea2c67b13dd6
ef7cfb1c-0f6e-4f3c-b30e-d52a85e7789b,505ae358-902b-4bb1-8b40-81c67a6700e5
55ae659c-6c6c-4bc6-825a-b16706b9cab7,dfd0d5a3-ef60-403d-b33d-41dbb95c7733
15d3ad3e-8a27-4dac-a0cb-261486c0a161,f385be8c-884b-4996-86ea-c0d4cf36f95f
2e69c26a-2d9e-4e83-9436-cbf26ff6834e,f54acf68-7923-468f-ad9c-7f852e5c42d0
a12599ff-f3a6-4e1a-b307-9ca0f5f7f8bc,14a16d33-73c7-4b0a-9384-d75e16c7e90d
fabc4fd6-97c2-4afe-831a-2d7139964e4f,3759a4ed-6c78-477f-931b-2962dfc1f983
bd09f73a-e72f-4661-ac1b-26bbe5046631,926bff3b-6127-45e6-a11d-dbce6f888696
02cfdb80-b32c-4824-9e9c-e56bc7b7b232,e213de2e-30fb-4eef-890d-e95440370cd8
2c1e6069-df08-4f11-9447-91e971e6dc31,50d1fa53-8768-43a1-90f5-4cadaa42b218
8edf01ba-baec-4c42-80b4-adc060cd5952,6e929eba-dce2-4614-bd98-1e4365345b91
a3c8868c-a1ee-4041-92ff-3cb95795f8d3,528ef0e1-5d9c-4234-998a-98807c76d41c
d4cee58e-205b-4dda-a142-0425c4eb161d,66892f18-747f-4a5e-8ef2-c889c0334ca7
e2343b4c-fbae-4212-aace-8259b2359d28,b78c3812-6a53-47f9-a537-473287f3cb3f
efd8b25f-95e9-4108-8c71-098ebdad56eb,98b34325-2a60-4334-88e0-a2f8cb79ed98
39ac2e37-dff9-4ac2-8e7e-9920d298bafd,b8db4f23-4462-474e-8739-ca031cc05763
4548e407-193f-4b06-a342-0e74745f63fc,9ef98571-0b6a-4915-a3a2-45df8d450ec5
07f52bf1-b5ea-46e5-8217-50e072100533,1e64c087-14ba-4f3f-9c7c-a5842f63745b
57a0cd7b-7f34-4929-86ff-0fbf6aec9a1c,fa6e6c7a-7b96-4231-b218-486b3f0777d1
3063d6cb-0afc-4d12-a32b-2c6d0df9bee9,555192a9-e439-446d-8a4a-d2e836667194
ea9ec430-d375-49b4-abd0-d704ecdbe204,c8c574d8-9ee7-476f-abfc-d06eb9849195
6883df03-fa3e-4d67-a68d-5d5446c3f018,811da214-0eab-4726-bba7-ca6844ca6a82
cd1601af-af20-4dc9-9503-076c523db05e,2679bacb-1d1d-4632-9777-0c9c18d38a30
32128052-440c-4eb5-9434-06e2f64b3f1e,acfcf3bc-5008-4e45-855e-18eb1bce44bc
2b13f676-f851-4988-94ee-713b324cef27,f68d563e-1e96-4608-98b6-299d68e64bb2