517bcd5d-beb6-48b0-866a-54505e0294f8,00000003.jpeg
bc457800-6f3d-4b5f-bdfd-3d299ab8e842,00000002.jpeg
5856a4b7-7cac-497d-8eb8-9b51a1f3b9d3,00000001.jpeg
0435a45d-034b-426a-a9da-b38ed2d21667,00000004.jpeg
b5f6aaa4-a767-464a-82fc-a07ca0f8301f,00000005.jpeg
1679a0ef-1c07-4dde-b2d4-69ba6bc8f998,00000006.jpeg
acd02d64-24e9-414b-a13a-c9df697a7a03,00000007.jpeg
d4e43617-4940-44fc-94da-39ce9da8a05a,00000008.jpeg
53eeced1-471c-422e-abe4-ddde186995d0,00000009.jpeg
e93e3186-0135-4f72-8999-e4103d1f4539,00000010.jpeg
028c88bd-34be-4307-b680-6d22d16eedf6,00000011.jpeg
02f7a958-2d0f-489d-b5ef-2db592fd8bab,00000012.jpeg
3980ddcc-122d-4ec8-8b8b-8f9b0e37e1af,00000013.jpeg
06dbbc71-1b38-4af9-a41f-b795d6dc0a03,00000014.jpeg
362c8774-5fa0-4b18-8f19-f6ddcc55729d,00000015.jpeg
48dfe8b4-5388-41b7-a8fa-6594a2499e04,00000016.jpeg
77495d92-58b5-4e2a-b032-c2699126a10a,00000017.jpeg
b770143c-455e-4d87-ad02-40679f3b72e6,00000018.jpeg
279fcc99-172f-45f3-b4fe-68510b2bb82d,00000019.jpeg
aa9d733f-bca6-432f-9929-58ac21fdfd4f,00000020.jpeg
aa6336c2-add3-43bd-a6bb-19499b1fb24c,00000021.jpeg
1723c016-285b-49e1-91c1-66e6fd0684df,00000022.jpeg
f324a2f9-6112-4293-a36f-92a36b82ea35,00000023.jpeg
cc14dba9-5f31-414e-a2fd-ef9606f087da,00000024.jpeg
5be8df03-63f8-43ea-97f0-8bd7c27641f5,00000025.jpeg
1056d67a-1dc9-4d4d-b002-472793993460,00000026.jpeg
c13db701-31b8-437f-b2e3-f93cfce4db5a,00000027.jpeg
a81e34ad-436b-4f14-8efd-9946c3bd30e7,00000028.jpeg
415c0e6c-ff75-4d19-a755-5d268a0b7249,00000029.jpeg
396949c4-7f91-44c9-84b5-bcd3f9983e93,00000030.jpeg
44a75e4b-cbe5-4e21-bb18-333dc6224f5d,00000031.jpeg
41d51e2f-e2db-42c4-924a-c407f2c96ddf,00000032.jpeg
3961afca-624e-4729-bbd0-4a76cb5dc66c,00000033.jpeg
2b309a6f-f677-4a34-965b-953831e73375,00000034.jpeg
8d7d7965-ccfe-431b-9795-80737417a374,00000035.jpeg
031e3f74-5dfa-4c30-aeb3-64832b323683,00000036.jpeg
d26a45b3-6a4d-4e5e-9bfc-24865a72c938,00000037.jpeg
1a889113-a1d2-4251-b21e-2dded08de05e,00000038.jpeg
cc50a055-0a3e-4e2c-a9a2-749cf2fde99b,00000039.jpeg
4c1ba3ef-01d8-4b6d-a123-c7b8db686865,00000040.jpeg
10564533-7d88-4f77-b690-9aebea8ff344,00000041.jpeg
ac7ff8a6-a686-4e80-b327-8707a78aa80e,00000042.jpeg
d7527c9a-20d6-47d8-b37e-05b181458394,00000043.jpeg
93cc6323-9e08-488f-b650-2c8d406e16f2,00000044.jpeg
03d52aff-4169-454c-b7ea-5be17cfa7ab7,00000045.jpeg
4e9a1988-00fd-40eb-8d15-0cc5a69f8e3a,00000046.jpeg
020c4f85-8c54-4111-b483-7cf69897f15a,00000047.jpeg
861ff43b-9ee9-4f86-905f-86316bfa6c9c,00000048.jpeg
8e7320b4-17d6-41d2-b742-a3e949111138,00000049.jpeg
80b74bb6-8b94-47fb-8c28-f5e58cce6662,00000050.jpeg
d9c43f33-f5fb-419a-9288-55d9266c348e,00000051.jpeg
0b679102-6557-4848-8f76-86e005bc0528,00000052.jpeg
84db3613-69d4-4ba6-ab84-5eb8eabe80c6,00000053.jpeg
91d2c499-fb4e-491d-a1d7-50621114a3e7,00000054.jpeg
dcc75877-df5a-4495-99de-5198302ca449,00000055.jpeg
e9fb5363-232b-4927-8147-3b2997668929,00000056.jpeg
dc2e6658-9973-4cd2-870a-74425957d8a8,00000057.jpeg
aed46066-60ab-44de-81ec-738678f05a20,00000058.jpeg
e223485d-f5bf-46b7-99ef-875a1ec63fbf,00000059.jpeg
e5c9e5c5-f648-4f5b-83c8-0a86f3032328,00000060.jpeg
14e92568-813c-471b-87b0-9548830ff3b1,00000061.jpeg
06afc9aa-7f8f-4ee7-9b59-cfcc6491fde3,00000062.jpeg
2a1f7baa-9b66-4917-bb7d-b545fde3d2ce,00000063.jpeg
41bcac86-6bcb-484f-aa5a-4a2c84127923,00000064.jpeg
507639fa-b477-4f1c-be89-8d92d4937342,00000065.jpeg
a806e26c-d5e3-4523-adf5-c52529e70963,00000066.jpeg
44704c32-89b0-4214-819f-f455b4281c79,00000067.jpeg
ea497599-81e6-4aa8-aa0f-e3aa90faece1,00000068.jpeg
35b51606-affd-4c76-b1a7-2102a0e17979,00000069.jpeg
ad2d12b7-ff84-4a9c-8516-2d4eb880f0ce,00000070.jpeg
7c7c5270-f93d-4f96-acec-2ee7368fe816,00000071.jpeg
f19c0388-86be-4f3a-ab04-e20a171fdd2a,00000072.jpeg
2a3c7195-6d3e-4b32-b91a-bfb1a16d8e5e,00000073.jpeg
e36ec062-c542-44b0-b267-a57d3a8c544f,00000074.jpeg
8ffff107-ea88-46a8-b445-58889591b7e9,00000075.jpeg
127e4a65-2cfb-42f6-bc9b-2587ca3925c4,00000076.jpeg
cdc6782e-912e-4fd4-8727-5926017bf2db,00000077.jpeg
ee1f2aae-5031-4611-a1ad-ad5561d473f5,00000078.jpeg
7a2d9ada-e7fe-4da6-985a-ecc127e76fbb,00000079.jpeg
5fd87e7e-c2f7-42bc-8ebd-20a390cb484c,00000080.jpeg
70af714b-4a63-42d9-9975-cf036083632b,00000081.jpeg
20cbf1df-fb0c-4a5c-9414-6c4c5378eab7,00000082.jpeg
5b0b5cfa-b05d-4fa8-ae8a-6abfa414136d,00000083.jpeg
121c7eda-3f09-487a-80e7-4bfe0a7af36e,00000084.jpeg
175af112-6561-4888-911c-35f067e1488d,00000085.jpeg
48f3c19f-cc59-4ed8-83b1-f90af0ad7c3f,00000086.jpeg
d2ff3551-8814-417a-bb22-f3c146bedfdb,00000087.jpeg
10106c0f-b1b3-4d72-8225-ce7edcdb35d7,00000088.jpeg
183f3ec7-f25f-4e20-bca2-5697c0be1f04,00000089.jpeg
92d41553-0ab4-4851-8439-f05d06da2a04,00000090.jpeg
fe9ed527-e3c9-4d98-b889-2f8d0c62326a,00000091.jpeg
f652fea7-57ea-42c6-bd86-a512b77f2247,00000092.jpeg
4b63dbea-5ccc-4edc-8b48-734ee08e155c,00000093.jpeg
dc8f398a-51a2-421f-9648-4517f40892a0,00000094.jpeg
322ec7d7-a130-4d01-8178-99c8d90516f6,00000095.jpeg
769e5392-9cce-4988-92fe-89b8c6c8c387,00000096.jpeg
297afbd0-ecb5-4cd0-b616-3e3d84d4ee04,00000097.jpeg
8cc3c67c-66d4-47a4-88f9-9542d1479e98,00000098.jpeg
ebbfb7eb-94c8-483b-bf4d-7346f0ddfcd0,00000099.jpeg
55fd973b-0ef2-4cc1-bd3e-3ab6b6f4f47d,00000100.jpeg
920e6e03-083d-414d-92f9-0d30c7b68433,00000101.jpeg
fd3a0dd4-6e9e-4eeb-b63b-83dedf1600e8,00000102.jpeg
5111d6b7-3556-46d3-bb49-8f8c675ddf38,00000103.jpeg
b12c124a-c066-4f3e-96d9-0e4b6a284af2,00000104.jpeg
fb77b3cc-2d35-45ec-9900-78253832385e,00000105.jpeg
4c0a5a5d-f5b9-4fed-b3fd-d222dadbaa6b,00000106.jpeg
fd5d738c-5539-4eb8-8bab-c4525e8d1e21,00000107.jpeg
ccedc069-eb7d-488c-bc84-f4c1a971a70a,00000108.jpeg
5817ea67-8639-47ab-85fc-a2bd055f8176,00000109.jpeg
57588554-a3dc-490c-8f5d-5726a4f49116,00000110.jpeg
4d311ecf-b754-444f-ba34-fe8f4fefb17e,00000111.jpeg
7e33d2dd-4874-4577-8d61-1278e87603ea,00000112.jpeg
4af18338-c6de-40c2-8275-5c7161812a84,00000113.jpeg
69ea5394-3f1f-4746-b06b-1a29ba288d21,00000114.jpeg
0d6e6478-3eab-4139-bfce-3329e4fc96cc,00000115.jpeg
bb84135a-58f2-4500-af41-7a7a99876081,00000116.jpeg
bb7a3ac7-f00d-447d-94a5-f11507871df9,00000117.jpeg
4604747f-abd7-40ef-b021-db3ee22d201b,00000118.jpeg
dd769e96-8529-46b3-8db4-3245781b484d,00000119.jpeg
b6fa7bf5-dfb2-48c6-adf4-4d282f511b04,00000120.jpeg
fac8808a-11c3-4be5-b9fd-014ffbc1cc9d,00000121.jpeg
00d1666d-c7f7-4232-a579-09237e8182ff,00000122.jpeg
0a922c9d-0c76-4918-b45e-efe6044d14f6,00000123.jpeg
5e693a61-c170-4f86-b084-01f6e581466f,00000124.jpeg
81789bcc-013f-4315-a22a-5fbf080982bf,00000125.jpeg
1d9e9bb6-7c8b-448a-996c-e618477acec5,00000126.jpeg
944dcfd1-70ea-46cf-9c0e-2ad5dd165f22,00000127.jpeg
a5d3a6fb-6456-4b1e-ad14-c0b8ac53b587,00000128.jpeg
f212c426-89d3-44b1-84b2-492004dac2e2,00000129.jpeg
e7982b0a-0d84-4aa4-a02b-fcbf21a1e10b,00000130.jpeg
2c2e9a81-06f1-4adb-9fbb-3d628a6b3142,00000131.jpeg
4945cd6d-d009-41ec-b531-c9e08f22a060,00000132.jpeg
87235746-6742-4dc2-96a9-ce5fe8e7944d,00000133.jpeg
6967370e-b645-4172-99b4-ac8ad5a54418,00000134.jpeg
44faca6e-6390-4098-97ff-b51596e1ba5c,00000135.jpeg
3d70c954-2760-483b-abf0-3dae74cd9759,00000136.jpeg
3fec8fad-403c-4c8e-af7b-b930f8c89b51,00000137.jpeg
0ac272c4-1af3-4e15-8044-7088011184f1,00000138.jpeg
b57ab9d5-ff20-4dc1-930b-a01333524e96,00000139.jpeg
17a92a08-e555-4f7c-b5b8-92b2a77e5f2a,00000140.jpeg
c3c38f1d-2cde-44ab-a7a2-dac086726149,00000141.jpeg
448da9b6-21cf-48fb-9a87-eab21a359386,00000142.jpeg
88b97e7e-ae62-4b2f-94e8-be435f2c6b10,00000143.jpeg
41414bb6-8d45-4f97-8537-c954cdf48d4e,00000144.jpeg
b81a8dd5-a9da-4f2c-90bb-53fc9641633b,00000145.jpeg
44c6c7f3-ae0e-408e-8fb8-bd5e30b9f0c7,00000146.jpeg
2e23dc7b-590d-4f45-a9d9-24fd8f48ccc9,00000147.jpeg
6c359a2f-5daa-4502-8d68-81f6a05297c1,00000148.jpeg
f9857208-4356-49bb-9122-fc2f39eab83f,00000149.jpeg
5e66bf2d-0521-4b59-a67e-3a1a31f7ff7b,00000150.jpeg
70ce8822-46ef-4935-8e88-1d61067a97af,00000151.jpeg
06bbeb8a-490d-48ab-9660-bd178832e853,00000152.jpeg
f65a94da-51e2-461c-9406-6fb3fcb78bc2,00000153.jpeg
4c151d90-760a-4539-8b71-72b027e144c3,00000154.jpeg
e50a5399-2e33-46d3-89f3-00ce4b625ed1,00000155.jpeg
7b13c4d8-0e63-439c-a152-cd46486fd512,00000156.jpeg
97620e14-e345-46cb-a1eb-92e8730ec9f0,00000157.jpeg
378bd111-c536-45f9-b7e6-28f7a4c35142,00000158.jpeg
6e436679-ac24-4d70-9566-5dfbaf4c1b28,00000159.jpeg
c3e01877-d6d6-43d5-b2fc-f4986d9fff65,00000160.jpeg
c8db13bc-aa69-4088-a221-e2d62d42245e,00000161.jpeg
80dcaa13-a6e3-4064-bb44-0d8d55c1ed74,00000162.jpeg
17b66ec3-1708-4643-a3c3-08c64a9d03e0,00000163.jpeg
e52e51ed-0a2e-43ce-9e55-a21470970180,00000164.jpeg
f1e084d2-775e-46e5-88bc-e1aca22233de,00000165.jpeg
c464662e-20c3-429f-abb5-0432a9354ed7,00000166.jpeg
8cde8899-6697-4ab4-a432-c97b2e2c26ae,00000167.jpeg
3708e648-44b0-45f6-8cad-f20a8fe6e575,00000168.jpeg
a84ea3e2-f868-4496-922b-787e06146775,00000169.jpeg
24acdf9d-0c9d-4264-b6b0-b33ad7e774e3,00000170.jpeg
66a531d8-5d3e-4612-8ed4-a39a18c6451b,00000171.jpeg
ee257bad-b8df-4fe2-b4b8-706732736db2,00000172.jpeg
4b5dd211-248a-46a9-b58f-0d0b2efdf18f,00000173.jpeg
f94fa2f8-9a4f-48bf-b26a-99d5e1bb2002,00000174.jpeg
3954808b-62f5-4bea-93cc-f631015b2c62,00000175.jpeg
c3f0f0cf-1354-41b9-aa87-ea2c67b13dd6,00000176.jpeg
505ae358-902b-4bb1-8b40-81c67a6700e5,00000177.jpeg
dfd0d5a3-ef60-403d-b33d-41dbb95c7733,00000178.jpeg
f385be8c-884b-4996-86ea-c0d4cf36f95f,00000179.jpeg
f54acf68-7923-468f-ad9c-7f852e5c42d0,00000180.jpeg
14a16d33-73c7-4b0a-9384-d75e16c7e90d,00000181.jpeg
3759a4ed-6c78-477f-931b-2962dfc1f983,00000182.jpeg
926bff3b-6127-45e6-a11d-dbce6f888696,00000183.jpeg
e213de2e-30fb-4eef-890d-e95440370cd8,00000184.jpeg
50d1fa53-8768-43a1-90f5-4cadaa42b218,00000185.jpeg
6e929eba-dce2-4614-bd98-1e4365345b91,00000186.jpeg
528ef0e1-5d9c-4234-998a-98807c76d41c,00000187.jpeg
66892f18-747f-4a5e-8ef2-c889c0334ca7,00000188.jpeg
b78c3812-6a53-47f9-a537-473287f3cb3f,00000189.jpeg
98b34325-2a60-4334-88e0-a2f8cb79ed98,00000190.jpeg
b8db4f23-4462-474e-8739-ca031cc05763,00000191.jpeg
9ef98571-0b6a-4915-a3a2-45df8d450ec5,00000192.jpeg
1e64c087-14ba-4f3f-9c7c-a5842f63745b,00000193.jpeg
fa6e6c7a-7b96-4231-b218-486b3f0777d1,00000194.jpeg
555192a9-e439-446d-8a4a-d2e836667194,00000195.jpeg
c8c574d8-9ee7-476f-abfc-d06eb9849195,00000196.jpeg
811da214-0eab-4726-bba7-ca6844ca6a82,00000197.jpeg
2679bacb-1d1d-4632-9777-0c9c18d38a30,00000198.jpeg
acfcf3bc-5008-4e45-855e-18eb1bce44bc,00000199.jpeg
f68d563e-1e96-4608-98b6-299d68e64bb2,00000200.jpeg