056c14e5-4a40-4075-af2b-a58992575da2,b0c3d180-93a5-48dd-ad30-769ff4c648da,RECEIVE,721,2024-07-09T20:09:29.184740,Received points from another user
a8ab9d8b-5ef2-4ca8-9cf0-3d1465644a48,b3f7125a-d955-43aa-8abc-84e6035f28cd,ADJUST,-373,2023-11-23T20:09:29.184771,Points adjustment
da947b37-9def-45a4-ba95-be4a78674c76,922aa448-56c7-4b08-aee8-198f10fb5b8a,SEND,-13259,2023-11-30T20:09:29.184784,Sent points to another user
25d7a2f1-e9c2-45a1-8eb5-4683c90905fe,7c5ce2fe-91e6-468a-b5d6-2aec39eef8d9,SPEND,-8830,2024-06-23T20:09:29.184794,Spent points on purchase
76e9ecc0-392f-49a5-8bf3-2837bdcf2a68,9adb2eeb-5579-446a-bda6-837aa766c6b3,RECEIVE,908,2024-02-08T20:09:29.184803,Received points from another user
4f252572-c02c-465b-9dc1-15a17accaea1,b9ca9a25-082f-4909-bb02-bf62d22cac83,EARN,52,2024-05-26T20:09:29.184812,Earned points for purchase
737ce7e6-edfb-4fa1-a93a-95a0f6a6566d,aef5c6c9-89a3-417b-abee-e9d3a94db4f1,EARN,453,2024-08-11T20:09:29.184820,Earned points for purchase
0b3ddda4-c817-4013-bdc9-659e30ade56c,e60d7ef0-efa6-45c7-9b54-bab394b410f5,SPEND,-2505,2023-09-02T20:09:29.184828,Spent points on purchase
dc70f6dd-eccb-4de7-92a0-47d7704df0ec,b2192c7b-2480-4900-a907-b6b482f64d47,SEND,-94300,2024-08-24T20:09:29.184837,Sent points to another user
30e66a1d-b992-426f-a58b-4305b801f712,94eb1c7f-09c4-4737-aa7c-2d8959700c49,RECEIVE,4,2024-06-24T20:09:29.184845,Received points from another user
27e37af1-e8e1-495c-9fbc-024689d3b9f1,18b4663f-2207-49dc-841b-9c7cb6e1adcd,SPEND,-43064,2024-08-14T20:09:29.184853,Spent points on purchase
ecf2cbb8-b947-48a9-84f9-f2fc4dd95b3b,f5377243-1916-401a-90de-ff06db550388,SPEND,-175,2024-05-28T20:09:29.184861,Spent points on purchase
843127d7-7305-44d8-a4b8-cd483796b5b1,9ad0ecdf-9829-4497-b4ce-a9647c05b7d5,SEND,-151,2024-08-18T20:09:29.184870,Sent points to another user
fbcc7918-c577-418c-8f0e-a0a5c64156b6,115a1755-e6dc-4a0f-b365-606facd14c81,SEND,-49224,2024-07-12T20:09:29.184879,Sent points to another user
cc9c45bb-6614-46fd-8170-147e7f72700c,3aab12d0-1c98-4a91-b288-55e546357292,ADJUST,-765,2024-05-01T20:09:29.184887,Points adjustment
fcf0fc86-a1b2-407a-b163-f1ae5a54aa5e,8ed73e8c-f733-4d95-9479-66760ca337d4,ADJUST,867,2024-02-16T20:09:29.184896,Points adjustment
8b7e3c24-e0b9-461e-b609-94c90afa5993,46223727-6166-45a4-badb-027d22a8f7bd,SPEND,-17545,2024-04-10T20:09:29.184904,Spent points on purchase
44d2b0d3-5f30-4c61-abbd-3dc6dbd50371,8f56ebf7-827e-470e-8f99-89dfe37491bf,SEND,-11709,2023-12-03T20:09:29.184913,Sent points to another user
f3eb0421-8e3a-42dd-bcce-c2193c166520,26374d06-65e0-481b-a561-cbbbbec6dbe6,RECEIVE,795,2024-06-23T20:09:29.184921,Received points from another user
808632ad-7a8e-44a6-a74e-27bc71c59a9f,be160e56-a4d5-4621-91da-998cd68b123c,SPEND,-42691,2023-12-26T20:09:29.184930,Spent points on purchase
2798ee84-3f2c-4cd0-9159-4551dd20c6d5,ce8dc643-8397-41fb-abe8-5edd45a4f942,SEND,-10658,2024-02-10T20:09:29.184938,Sent points to another user
ed6aa1c7-7c31-4a41-8f55-84c595089aaa,ff266a49-dc80-4143-a4e1-bbe6f9e21ff7,EARN,566,2024-01-05T20:09:29.184946,Earned points for purchase
e8a2baa1-7eff-483b-b211-53bca96e0ed4,653bf617-66f6-44fd-bbeb-2f31de3041f5,RECEIVE,473,2024-05-31T20:09:29.184954,Received points from another user
617ea5af-91d8-44dc-a7c5-8d43fadac4b7,16276f49-b55a-4f4f-9e51-1afa7ae38cc0,EARN,65,2023-09-28T20:09:29.184962,Earned points for purchase
f83247d9-aeac-4e96-b109-cfc86c21b087,07c6b347-7a32-48fd-ad35-50caa1c6c6be,EARN,181,2024-01-29T20:09:29.184970,Earned points for purchase
87036aae-5ced-437c-a8ba-d601fe86ab13,9e418217-170c-4e39-a606-226cee5565d9,SEND,-78303,2023-09-19T20:09:29.184979,Sent points to another user
27164f02-5f76-49b0-94a0-15282e2872b0,86821a9e-8197-4d22-b8b9-486cea29378e,ADJUST,-448,2024-03-15T20:09:29.184987,Points adjustment
6a8267fa-5c8f-498b-816f-fd4186c13ab4,b1e05034-9518-4b6e-a0fb-308d80745f7b,ADJUST,729,2024-05-22T20:09:29.184995,Points adjustment
680c31c5-329d-4570-9d7b-a5c27b14acd0,7d02c9b1-414f-4e0e-9c58-fe05d32b6dbb,RECEIVE,283,2024-07-09T20:09:29.185003,Received points from another user
204323e6-a90d-497c-ad10-6792935254f4,2caacad1-621f-4852-bfb7-950d3f85d98d,EARN,683,2023-10-13T20:09:29.185011,Earned points for purchase
5bfdc639-26c5-41c3-9aa3-bc88d9fb6017,1ff5674f-b007-40c1-9efa-90084bfcd3a3,SEND,-4492,2024-02-10T20:09:29.185019,Sent points to another user
e2cfebba-341d-4adb-a7e2-d7e6b77cfdad,7b5ad36c-f15a-4664-a01f-6959cd21446b,ADJUST,587,2024-08-14T20:09:29.185027,Points adjustment
bdecdded-98a0-4fb3-a269-0efbe68d8de0,39001b91-6b08-4947-a360-a952026dec48,SEND,-20192,2024-04-16T20:09:29.185035,Sent points to another user
4b52c08a-7ab3-4dbd-aef0-e352fac5d645,1e61c27a-0ed1-4e26-9b40-f972f226d44d,SPEND,-62301,2023-12-19T20:09:29.185043,Spent points on purchase
42959242-a1e4-40a4-b678-024269613cba,d2061874-ab5b-4d5b-a902-f70a50238a9d,EARN,701,2023-10-12T20:09:29.185051,Earned points for purchase
4078c594-0ee1-4cd5-8644-b887d51029bf,2f0ac04e-f3c1-4852-881b-5baa35bb788d,ADJUST,-145,2024-03-26T20:09:29.185059,Points adjustment
95f2a2e6-c7c0-42a4-9231-befff49d6383,381065f8-0407-4cd3-9d58-e690b8c7b8be,ADJUST,-734,2023-10-06T20:09:29.185067,Points adjustment
77e33b85-6365-47e2-b61c-ac40f3a2de9c,7d756947-8544-4cbd-ac63-cd0106f6c824,RECEIVE,981,2024-03-27T20:09:29.185076,Received points from another user
d695e4da-8f29-460a-8b11-62fe357fefe0,8ff23bb1-b004-4b77-b478-f3270c5295b4,SPEND,-49404,2023-10-26T20:09:29.185084,Spent points on purchase
cbfb706d-7e94-4e66-8001-139084da0b70,aeff8aa9-41e8-48cf-b378-b14616cd8ccd,EARN,90,2023-10-19T20:09:29.185092,Earned points for purchase
5659af37-49d6-4fe3-b4b1-f8b75fba9eae,222a0fe4-1b6f-498f-9d27-9ac3e7bacad2,SEND,-15183,2024-01-28T20:09:29.185100,Sent points to another user
9a917a68-e858-43af-bea9-8f531f96d7b0,ee54b313-6ecb-4a74-9583-ac7228f3727c,ADJUST,-131,2024-01-22T20:09:29.185108,Points adjustment
0628afd6-56d9-48af-b70c-08735fca33be,b4804e48-3f24-4030-b41e-d3369eee1b59,SPEND,-53692,2023-12-24T20:09:29.185116,Spent points on purchase
93157dfe-7727-413b-bc3e-d0db18bb92c8,4d53aeb3-4a5f-451d-a79c-e6234237bc45,RECEIVE,733,2024-07-21T20:09:29.185124,Received points from another user
bf08502f-b642-4a16-86da-3c45c1e65436,10b19ee8-0bd7-4b3e-bf0b-c3983ad35895,SEND,-1969,2023-10-15T20:09:29.185133,Sent points to another user
4b80f794-af3e-48bf-87f0-9d5482187cc3,8f9c3966-ced9-4ea6-a8b7-a6b06bc8a598,SEND,-909,2024-05-04T20:09:29.185141,Sent points to another user
d38b3184-001b-43eb-a8c3-381c068cb8f2,5ec46765-eaf4-4b17-ae01-0bd3b6413f08,ADJUST,831,2024-07-10T20:09:29.185149,Points adjustment
f045ee94-3e64-4da2-af05-cf4f30b4407d,b938ee61-77e2-4eef-92fd-7f7e94f6f36a,SEND,-6972,2023-11-07T20:09:29.185157,Sent points to another user
966c2497-7817-47c6-ab6f-07143e490ddd,bf71fc57-c0b8-4356-a479-cba4a9c98747,RECEIVE,556,2023-09-13T20:09:29.185165,Received points from another user
cae2a455-704c-4df6-8017-abcc2482d19e,cc24c669-a8d2-44b6-b79e-5a5b2e9928ef,EARN,379,2024-04-19T20:09:29.185173,Earned points for purchase
86b74d6b-d475-468f-9664-f14a145c2f60,9af901ca-b677-436d-a4ca-ac69100eb525,ADJUST,-497,2024-07-24T20:09:29.185181,Points adjustment
7b3e2898-b145-4550-843b-f64c94db9387,a41b3325-b2b0-45a7-b76e-662a577e3682,SEND,-8842,2024-02-18T20:09:29.185189,Sent points to another user
fd6e8458-6c24-444c-9529-3a1607174ebc,8658e9c0-095e-496e-b80e-18b60b7cd2db,ADJUST,741,2024-01-12T20:09:29.185197,Points adjustment
9ead9a82-b395-4542-aff1-2b93a599f3f5,f47d296c-b80c-4cb7-8e95-1c6252a479d1,ADJUST,183,2024-01-17T20:09:29.185205,Points adjustment
5a04399b-29e4-49eb-8548-ca61f2649182,54ad9e61-5e7d-4545-9458-f705974d55dd,SPEND,-5182,2024-03-09T20:09:29.185213,Spent points on purchase
44886192-13a3-41ef-9970-cc22056a957d,20f14c81-7309-4892-bf94-4cca09096688,RECEIVE,469,2023-10-11T20:09:29.185221,Received points from another user
3841d5a0-60cd-4bf5-bb0d-c0f4f2fbdcc9,7e61ca7e-1326-4258-93f9-bfa5cbc16fc9,SPEND,-1985,2023-11-16T20:09:29.185229,Spent points on purchase
080ce4e2-1d80-473c-9b2d-e45f7fc5e1ea,03c77c1e-2f37-4d8e-b248-8eaacbc69aa6,SEND,-18158,2024-01-11T20:09:29.185237,Sent points to another user
09ac12a4-0c4c-4104-828e-c665f8de62ff,34c9b784-e964-4d8b-a932-63140f201bd2,ADJUST,599,2023-11-21T20:09:29.185246,Points adjustment
c1014676-46e0-4081-bef1-b8cbd3e68ee4,56ba6b6b-80ce-4ba8-a21f-a91a0c631110,SPEND,-898,2023-12-28T20:09:29.185303,Spent points on purchase
fe0499ea-0253-4619-ae6b-7babadc1cfb2,89e18801-acf1-4a40-b9ca-bc6329cbaba5,RECEIVE,664,2024-02-19T20:09:29.185313,Received points from another user
a71990a9-322a-47cf-87c2-bdd2fc5caef9,5fe41cf2-4323-420a-976b-90cd2b26285d,ADJUST,-107,2024-01-05T20:09:29.185321,Points adjustment
be186a89-3659-4f32-805a-add51b6efdf7,1eeecf85-fbe9-420e-9b13-7dbd8e0cda53,SPEND,-59907,2024-07-20T20:09:29.185329,Spent points on purchase
eed89130-7e1b-485c-b426-5c4977a8a73d,0fb4bef9-6de7-42a1-aaa9-cec492fb48d9,ADJUST,996,2024-08-17T20:09:29.185337,Points adjustment
6f1729bd-b904-4102-a931-f9454acffdb4,faaa4f79-1c10-41a1-8caa-37883a8a7dc8,RECEIVE,459,2024-04-18T20:09:29.185345,Received points from another user
1bdd7bda-fa98-4575-876d-0eeb79e401ed,9caac58e-1cd0-4f8f-b082-45b55b476a36,RECEIVE,832,2024-02-26T20:09:29.185353,Received points from another user
6a8ab74e-7e3f-46ef-8574-e14e64476e26,bbd4db03-171e-4a88-b6b8-e9cb71124cac,SEND,-57622,2023-11-22T20:09:29.185361,Sent points to another user
cbb5847a-00a0-4568-8824-257b669fd7ef,da715f99-ffb5-4e86-96ed-3e9bd178d331,RECEIVE,762,2024-06-04T20:09:29.185370,Received points from another user
85faf6b5-6cda-4eb8-8af4-ac985a26732c,f7d45dcd-0da3-49ff-9e98-d83f0d4716dc,EARN,534,2024-04-23T20:09:29.185377,Earned points for purchase
469246f0-57e0-4652-997d-02c26672c87e,3517ba17-9e3f-480d-beb4-7348813dfd00,SEND,-10017,2024-02-17T20:09:29.185386,Sent points to another user
6142e07e-60f7-4268-8ae6-e0a072d0b294,d49f17b4-8352-464a-a016-616eb2d7eadd,SEND,-50555,2023-10-21T20:09:29.185394,Sent points to another user
9a876580-3c3c-4239-b838-4cc4b5a1e73b,ec600113-fa55-4330-a7e5-20f3e26c7baa,SEND,-31268,2024-01-25T20:09:29.185402,Sent points to another user
874e54ea-064f-4065-9a53-2d692e561ce0,04150088-5462-4204-bf67-ec3b83eec2e5,SPEND,-14608,2024-07-22T20:09:29.185410,Spent points on purchase
dbe0a983-2817-4ec9-8173-884f465e1330,b89071dd-3daa-422f-88b9-5dfc831ec5da,SEND,-12377,2024-08-23T20:09:29.185418,Sent points to another user
b1460bb5-4c36-43ec-bd07-34fa25af1234,14e88ec5-77e4-4f97-a823-bb5243afe76a,RECEIVE,812,2023-12-05T20:09:29.185426,Received points from another user
3c814132-e45c-41c1-a29a-ec975184d21d,347d81ff-634f-420d-9967-0b4badc3decd,RECEIVE,703,2024-07-02T20:09:29.185434,Received points from another user
b3e2460a-513c-44cb-8102-d3109d45ddc0,06854ec1-6f6d-4598-8059-d0a28c3a6017,RECEIVE,406,2024-07-20T20:09:29.185442,Received points from another user
643c7906-9c50-43fd-9f88-59f2f811aa2e,e53efbcd-01b9-4c9b-9d29-abe8df7d0d01,RECEIVE,416,2024-01-03T20:09:29.185450,Received points from another user
fc91aacc-f10c-4001-85f1-f371b5c5ccf3,790be1e8-7ddb-496f-8162-ff9015e7a7cb,ADJUST,-732,2023-11-23T20:09:29.185458,Points adjustment
f01aaa2d-b3ab-4a56-bef2-c0a01cbc351a,8938304d-0c1d-4eb6-9119-634977a64776,ADJUST,322,2024-01-19T20:09:29.185465,Points adjustment
84f2b890-8dec-4ae9-b854-be939232f61a,9807d6f2-0e45-4161-ab02-075a7c482cd1,ADJUST,-81,2023-10-06T20:09:29.185473,Points adjustment
f9986f7f-43b3-4a0a-b19e-3ab13f7c677f,512e8ac1-c011-4c8e-9ae4-76330c02f18d,RECEIVE,722,2024-01-02T20:09:29.185481,Received points from another user
f20eb448-d312-4d6f-848a-8f4809be8ac2,eb38d7cc-44b7-4eea-86a0-2d6465902424,EARN,646,2024-05-13T20:09:29.185489,Earned points for purchase
9d822156-d006-43ae-ac05-7779993dc66d,3597f406-3cd2-47ff-acaf-22716d288b5c,EARN,797,2024-01-05T20:09:29.185497,Earned points for purchase
daaf972c-e686-4e88-bb83-2a29b561bf99,78e81414-f593-45f7-9b8f-380ac8a10319,SEND,-13679,2024-01-29T20:09:29.185505,Sent points to another user
27ea7f9b-84b0-4026-8f4a-adb584668d44,e99bf5d0-b45b-4de9-8ca9-f1983570c039,ADJUST,575,2023-12-04T20:09:29.185513,Points adjustment
c1bd8d62-7a78-4694-bca4-d18add9b2f3b,af586f6a-3db8-49cd-bede-5e8e11bdd096,SEND,-28436,2024-07-26T20:09:29.185521,Sent points to another user
7af59bde-32f0-4074-844c-77b28a05d240,76220f44-b1e9-48f3-86e7-f86382e6f5f2,ADJUST,24,2023-09-27T20:09:29.185529,Points adjustment
fa700c80-ddd8-4f4f-9e3c-fb9493b30085,65523af3-c1ee-427e-a706-240c43cab475,RECEIVE,821,2024-09-01T20:09:29.185537,Received points from another user
72dea749-bb62-4c52-80a0-b555753fd292,2746c8c4-0742-4b88-bd74-a071f5647bf6,SPEND,-38858,2023-12-04T20:09:29.185545,Spent points on purchase
1c3444bd-b3a7-4dd1-974d-7b887be2eb17,773e5326-3da7-48ee-b6ab-2ba16136c653,SPEND,-413,2024-03-24T20:09:29.185553,Spent points on purchase
d571bb4b-ddab-442c-a3d5-1af27de1ec4a,59bb8ded-7ec9-4d71-85ab-b9da4e71c82d,EARN,51,2023-11-10T20:09:29.185561,Earned points for purchase
78e9d27c-30d8-4915-9efd-c056b8c2e14e,13f4b856-16e2-4cd0-8314-dc9360bd054a,RECEIVE,173,2024-03-20T20:09:29.185569,Received points from another user
1c6e6cf4-050b-46e0-b47d-024a748695a4,7d534c01-d068-4d93-b5cf-18ceb606d380,EARN,484,2024-03-30T20:09:29.185577,Earned points for purchase
2bc74c71-e580-46c9-9499-dd3f5d3d0ed7,dd16490d-bdfc-4309-ba72-20300a37a376,EARN,567,2023-12-24T20:09:29.185585,Earned points for purchase
b60eade9-594d-4737-aa73-2d5f23b4c4ab,c5b2be62-6984-40b0-ad52-3c95ae688ca5,SPEND,-38710,2023-10-10T20:09:29.185593,Spent points on purchase
339f9c9d-7bb4-4600-b142-a350592a9035,4ffb8b7f-b9ed-4be8-bdc9-8b1f3363c47a,SEND,-20960,2023-10-16T20:09:29.185601,Sent points to another user
124988d9-3c82-4171-a86d-637753fc675d,11b6e39d-a42d-467c-b0c1-b4ee319d1440,SPEND,-75341,2024-01-20T20:09:29.185610,Spent points on purchase
861ab0fa-8204-4ced-a2b0-87964807db5d,083f0784-b169-4e15-a322-3e8b44401ba8,SPEND,-41155,2023-09-22T20:09:29.185618,Spent points on purchase
303b0884-7b73-4822-b715-b949d2e7a508,f98b5665-3c6d-45dc-971c-6df47d7cc161,SPEND,-59519,2024-06-19T20:09:29.185626,Spent points on purchase
819150a9-7ad8-4e5b-8e56-32cbe65b0bf2,87764c6a-a53b-42ec-834e-683c3d8f943e,SEND,-15173,2024-03-26T20:09:29.185634,Sent points to another user
bbd860cd-9959-4050-8b41-1b3bcb4b6514,610139ad-d37e-47cc-8b3c-dad821d72c68,EARN,667,2024-03-03T20:09:29.185641,Earned points for purchase
e272d98a-5a09-4953-804c-66826f8c86b6,f70584fd-dd03-40f1-be72-3ec72928be06,EARN,837,2024-03-13T20:09:29.185649,Earned points for purchase
dc771b13-c51d-4602-b09d-d5e351488b35,068f6913-3d13-4aa4-8843-68d7ad18b43b,ADJUST,633,2023-11-02T20:09:29.185657,Points adjustment
194bdec4-516f-4ae0-a6a5-abc1b75a510c,735f60f1-b98e-4e75-9134-0c3eb870cc25,ADJUST,140,2024-08-14T20:09:29.185665,Points adjustment
2d7f3341-55a2-430f-a5e5-ef20c9a2f185,e98dbb5b-e522-4dd1-9e70-540026ff55a5,SEND,-8713,2024-04-23T20:09:29.185673,Sent points to another user
6b06938b-333d-465b-9a9f-7a5f94764426,71f91443-fab1-4514-b754-f0e1ea6c4c9c,SPEND,-3790,2023-11-12T20:09:29.185681,Spent points on purchase
0d0f6d73-8994-4d9c-b525-e43ed22b8a48,580799d2-5a27-4a60-819e-28d70c5a4305,SPEND,-35013,2024-06-02T20:09:29.185689,Spent points on purchase
c49474d8-9960-4b2b-a716-55945d7af775,44f4b2d2-d18a-4e0c-b84e-8938a8e72547,RECEIVE,962,2024-02-24T20:09:29.185697,Received points from another user
4f3d395a-3931-4a1c-a402-eb0f302adf91,c8ff3306-3133-448c-a81a-c734639ebd90,SPEND,-58679,2024-01-18T20:09:29.185705,Spent points on purchase
75b9bcbf-212e-42a0-9a79-206ecb8d2066,116452dd-8780-45d3-9dae-2869981325c7,SPEND,-2109,2023-12-02T20:09:29.185713,Spent points on purchase
98d610d4-67d4-43ee-8068-881835f60297,2b62a7f2-3ab2-4141-861b-b7290aa5ffd8,RECEIVE,285,2024-01-02T20:09:29.185721,Received points from another user
f4c3c1e1-62f2-4bae-bed8-6e3f51555db2,97c391a1-7b21-4576-a8a2-35936bac198b,SPEND,-25790,2024-05-25T20:09:29.185729,Spent points on purchase
a9857f1c-5689-4834-82f3-adedd0bbac16,f9a6edf2-ca2e-4a5d-812b-b1c7bd8ae9b8,EARN,581,2024-07-10T20:09:29.185737,Earned points for purchase
57b17f23-fddc-4682-b317-3bdf37020fe9,2626dbd6-0e3e-4c09-a4a3-9d07f6153991,SEND,-27753,2024-06-22T20:09:29.185745,Sent points to another user
dd61187b-636b-4bf1-a327-09e93730b0f2,ecc8bc73-38db-42e7-9263-58123380a05f,RECEIVE,900,2024-02-22T20:09:29.185753,Received points from another user
41b7afb0-126b-4a95-9945-dcf706439b55,04082cfb-2529-4709-8dfd-5e6aa7ac2fa7,EARN,450,2024-03-25T20:09:29.185761,Earned points for purchase
28d684c6-163c-4453-8a33-b314062a45a5,cb602436-7d30-4435-b3f2-7c73888a8237,EARN,975,2024-07-02T20:09:29.185778,Earned points for purchase
50e4875d-5257-4e74-b42a-5cc083fc57df,eeeaa673-1d51-400c-9149-31c28b2a8d1c,EARN,291,2024-03-23T20:09:29.185787,Earned points for purchase
1f74e57c-d277-4d39-94b5-a81950ec568d,beb3b0f6-d358-4a85-a7a5-58c9a5b8ad3b,SPEND,-14826,2024-04-14T20:09:29.185795,Spent points on purchase
21180229-b4f7-4ce6-a7b9-3c9e3f9d2be6,2e16ed76-104d-48aa-9b11-c7c7c00f6659,SPEND,-6027,2024-06-05T20:09:29.185803,Spent points on purchase
3a924f43-00e5-4c43-8d1b-027d47e28684,0453aaf5-1e22-4208-8480-b4da1cec8990,SEND,-18186,2023-09-08T20:09:29.185811,Sent points to another user
5e2de123-c8b9-4eb3-95bf-5aeae86e0065,2a2cc8d3-13e7-4dbc-ad14-d15da8893129,SPEND,-21655,2023-09-21T20:09:29.185819,Spent points on purchase
f18ee195-9ca0-4868-8aa1-811a44ada958,c8642c3d-ae5a-4c3d-974d-3fc49eeb76b1,SPEND,-72542,2023-10-16T20:09:29.185827,Spent points on purchase
4bc095b0-4b14-4aa4-8766-34ef2e8b27cf,6a35928c-7cbe-48d5-8916-21d0dc3a6536,SPEND,-3954,2023-10-22T20:09:29.185835,Spent points on purchase
232c9692-6396-486e-be39-4a13c6592f5b,f4cb8781-7074-41ed-bc6f-9c233fcab95f,RECEIVE,934,2024-05-10T20:09:29.185843,Received points from another user
d421f414-08a2-4a29-9d5c-ccdddab3045f,e4dccd7f-99cb-49d1-b1bd-61ca2a5eaa92,ADJUST,-885,2024-07-03T20:09:29.185851,Points adjustment
ccc2fb5f-90b3-44e1-b486-58129ddd31ba,3a0dac68-8f57-4bba-9177-ccc3955bb25e,SPEND,-4623,2024-07-18T20:09:29.185859,Spent points on purchase
13512ae7-64a7-4e42-ac10-238d28579223,f42a5c76-4573-426a-aa95-3a917f08812d,SPEND,-7187,2023-12-22T20:09:29.185867,Spent points on purchase
4a9e2104-200d-4481-8103-698761db8814,8f7e214c-1aaf-4e94-a672-d7ae46f29aa7,RECEIVE,354,2024-07-07T20:09:29.185875,Received points from another user
03a07bed-28dd-424d-b8f6-01b1d91a8799,c25aaa50-f78c-483b-af11-ff98a90e9125,SPEND,-23733,2023-11-08T20:09:29.185883,Spent points on purchase
2e0acbab-01b3-4a81-a6f0-c41436bbdce5,24b3e314-b0a0-4de4-a11f-daedd95de084,EARN,604,2024-04-18T20:09:29.185891,Earned points for purchase
18c7f51b-65b9-4385-a1e6-d26747cc5663,0959a326-aa5a-49ce-99e8-d33df6d6f872,EARN,514,2023-10-19T20:09:29.185899,Earned points for purchase
b1ed66b2-e30d-45fb-ac54-5fba584f01c7,2d2c0d82-4abe-4975-9486-19824b0c554f,SEND,-17884,2024-01-27T20:09:29.185907,Sent points to another user
f348eece-84d6-470f-a0dc-155b785a2402,9093e28e-7265-4e0a-8aa9-291f31463214,SEND,-36149,2023-12-17T20:09:29.185915,Sent points to another user
50322bc2-f490-4f11-accf-0fca6bd26e32,d7dd908a-6dec-44a7-b283-8ffad3d23c2b,EARN,846,2024-05-02T20:09:29.185923,Earned points for purchase
bde3ca14-339d-4e93-89d8-c4a170207834,d9a558e4-fee3-4bd9-96af-cbc3c1d0300d,SPEND,-10333,2023-12-16T20:09:29.185931,Spent points on purchase
8acdee7d-366f-47b5-985b-6e5b3019ba5f,ab7a69f7-d8fb-4d60-9988-a5add523fde7,EARN,32,2024-05-22T20:09:29.185939,Earned points for purchase
d56f1c64-86b5-42f7-94e7-7df93c58ef1c,3cfbd7d8-c638-4e5f-b2df-ea596154d2ee,RECEIVE,117,2024-05-07T20:09:29.185947,Received points from another user
1fc3b6a9-fea5-4e2b-8eca-e6cc0f16adeb,bc5b215b-1be3-40eb-b821-f062a7de7999,ADJUST,-521,2024-04-08T20:09:29.185955,Points adjustment
333313df-c70b-4c9e-881c-19a4feed545d,a0063f7d-3902-4203-9d7e-a0eb626a73c7,RECEIVE,53,2023-11-22T20:09:29.185963,Received points from another user
aca2213a-f37e-43f0-838a-f803f6be1905,00da3e10-19f9-4708-9e4f-a2ba127a2d0f,ADJUST,-964,2023-09-05T20:09:29.185971,Points adjustment
81371ffe-b1b6-41d0-8a29-709a1a27b5dc,ea7bb41d-d04e-479d-9389-217265a66e92,SPEND,-8018,2024-06-06T20:09:29.185979,Spent points on purchase
98af6162-1e24-4f23-930a-4abdb579ab77,a9d8b480-58cd-4d77-a887-af6e45e570d0,ADJUST,-617,2024-01-16T20:09:29.185987,Points adjustment
8d2ea0a9-2838-41f6-8261-77184726240d,fc18a5d7-6813-4c55-a062-6095cf79b1d2,EARN,919,2023-11-27T20:09:29.185995,Earned points for purchase
6796bd40-85db-4ac0-bfb2-91d314668b47,69fa7d22-f825-400f-b30a-6bfc85ec905f,ADJUST,-678,2023-12-01T20:09:29.186003,Points adjustment
8e50b35d-e9af-49d2-b172-a14dce91f328,86468be8-c2fa-412d-bcfd-3840ec0b5a47,RECEIVE,408,2024-01-14T20:09:29.186011,Received points from another user
e338102e-0656-4a29-856d-3635a76af579,089e89a9-369b-4362-a5ac-cac4682064b7,SPEND,-16807,2024-07-28T20:09:29.186019,Spent points on purchase
5c6a9364-cf87-4d61-a176-0f0fbacc6fb0,97c3c3f3-b0c0-426c-9d10-1da691386f76,SPEND,-4795,2024-01-05T20:09:29.186027,Spent points on purchase
79bccae2-cf75-4db4-8180-7cd51b9c101f,dc256fe6-2a16-496b-8a47-67a4f3a90fb2,RECEIVE,467,2023-09-03T20:09:29.186035,Received points from another user
e96a632b-1e9b-4263-8577-80f73f22c84f,d0f94e1c-cbc8-4266-90b2-ad58f323c053,SEND,-68583,2024-07-20T20:09:29.186043,Sent points to another user
9c7aa4b3-881e-418a-b405-2d6fa4f68369,e4c905e6-987d-4705-ba81-09fd1e70f2d6,SEND,-46580,2024-05-31T20:09:29.186051,Sent points to another user
44b81cee-d0b7-41f5-bad4-aa04231d9612,e2a45644-41e8-4b7e-b26d-c0319796a5e3,RECEIVE,415,2024-05-31T20:09:29.186059,Received points from another user
1b29adf9-3a68-4532-afae-e6b5c4221a0b,f1dae62f-0833-45fd-92c1-3fba459346a2,RECEIVE,912,2024-06-26T20:09:29.186067,Received points from another user
807a1453-f005-4df4-bde2-c388645fc716,8e0b1c11-922c-46de-b289-cdd9d97f205e,EARN,825,2024-03-20T20:09:29.186076,Earned points for purchase
a92ad331-679b-40e7-9899-04a7a36e843a,0cc464c0-be5a-4d91-b446-20deac0ff013,SEND,-55651,2023-11-29T20:09:29.186084,Sent points to another user
04286c98-5ed3-4dfd-bf05-907cd5ef33fd,3a63e2d0-baae-4b52-83ec-fba17c2c3dd4,EARN,313,2024-06-21T20:09:29.186092,Earned points for purchase
80b29612-8c09-40dd-842d-e8636d4a45bc,cdab072a-77cb-403c-be51-dd0e2b08c62c,SPEND,-8372,2023-10-27T20:09:29.186100,Spent points on purchase
b7eafab4-167f-4076-b004-cd4883b8dc65,0d331dd4-98da-4cac-9100-f5ce62d13955,ADJUST,-263,2023-11-23T20:09:29.186108,Points adjustment
c3b795ea-f1b6-4cab-a238-8d2293aec844,0b8edbc0-8269-48a8-9145-d7272c9dc735,ADJUST,-899,2024-04-23T20:09:29.186116,Points adjustment
9cae8ddb-9672-4d80-835c-a606ecd5ef96,96f31af5-8b4a-4221-b127-4d8cae769f8f,EARN,179,2024-01-27T20:09:29.186123,Earned points for purchase
63e3b074-44f5-4e0c-9a93-8d29423bc78e,50693b96-dcdf-477c-a18f-f8402297c1d1,EARN,224,2024-01-01T20:09:29.186131,Earned points for purchase
540ed0e0-fdd4-4be5-861e-7d8d45c8b5f3,b29fb025-0747-4f6c-b967-7177b8e4a837,SEND,-43076,2023-12-18T20:09:29.186139,Sent points to another user
be0351c7-5c01-44d7-9ab4-b7e6b4fdd95b,90f6118a-167f-4f13-8a23-c31d4a02546f,SEND,-11401,2023-12-23T20:09:29.186148,Sent points to another user
5a585e73-11f2-4a2d-b26a-5483f1f67776,355ef1c1-c7a9-4017-9c08-a9dd43b46dcf,EARN,897,2023-09-27T20:09:29.186155,Earned points for purchase
48b05fba-64f6-4e12-9429-433fcf895086,a829e746-0add-4f96-8e61-d4d717032efc,ADJUST,719,2024-05-06T20:09:29.186163,Points adjustment
267bc902-693b-478f-afd6-7d75f5a25ba2,3fb1de2a-6179-4f09-8982-9f41944ddea9,EARN,24,2023-12-22T20:09:29.186171,Earned points for purchase
4c0d4e77-d13e-43f0-b914-1d7a735abbd2,7920edea-f845-4c42-9bf4-eb22bb05f678,EARN,752,2023-10-15T20:09:29.186179,Earned points for purchase
b844e968-c8de-4e07-a706-8768833aac33,0419bdda-c2d4-4ddb-b60e-493e879a1776,EARN,613,2023-12-06T20:09:29.186187,Earned points for purchase
33f4ebec-f261-433f-b7da-b744e19af6b8,44f686d8-84e7-4540-b789-5e2b20cfb569,RECEIVE,898,2024-03-24T20:09:29.186195,Received points from another user
183ad14b-8628-43d6-9af4-cebd92cd2852,7e7e6a51-fc1d-4c14-83e5-1459855ad13d,SPEND,-51636,2023-12-07T20:09:29.186203,Spent points on purchase
453ee674-9ca5-4e7b-8ab3-d46788cc6490,04d09163-64e6-4364-ae64-617a283f1b36,ADJUST,929,2024-04-16T20:09:29.186211,Points adjustment
48e55a48-e2e1-4596-b205-2a58c6cd17ca,fbb032cb-3b48-4c4a-9a35-474ab9b8e0ca,SEND,-24375,2024-04-02T20:09:29.186219,Sent points to another user
10a40f78-f19f-49e6-824b-992029baaa2c,0cacfb52-f641-45e4-a73d-9754c386d97d,SPEND,-35793,2024-01-13T20:09:29.186227,Spent points on purchase
eb1c034f-4698-4cb9-96ce-a6999b90e495,dc9e0fe7-c243-469d-8ce5-d396bb196c0a,SPEND,-7467,2024-06-30T20:09:29.186235,Spent points on purchase
09072ca1-953e-4955-a56e-53d04d4c8c8c,e120d147-7a91-4c44-8101-1ccd00149bff,SEND,-7074,2024-03-10T20:09:29.186251,Sent points to another user
3ecd18d1-f64d-40ac-add1-aba4bf7d18c4,1bfde260-65fa-4bc3-a80e-4f270f184b00,ADJUST,905,2023-12-09T20:09:29.186259,Points adjustment
11d12ff3-5007-4587-9ea1-4c5fbb29627e,a6cc04d3-f68a-43f4-802c-a3cf647047f2,SPEND,-264,2023-10-01T20:09:29.186267,Spent points on purchase
88b3f3cf-73ad-4a31-975f-0d5dd12f63f3,0fa34fd4-1502-4de9-8abd-5e054653c489,SPEND,-7542,2024-03-14T20:09:29.186275,Spent points on purchase
c035596a-84b1-48c2-bc42-85402399bd9b,68ee0b2a-4ff3-4ece-9a20-680f208e66a5,RECEIVE,821,2024-03-16T20:09:29.186283,Received points from another user
997c8299-cdd9-4c49-8381-6432a4488165,02b41f31-446b-4fd6-9935-0b9ab3130bee,SEND,-2815,2024-04-28T20:09:29.186290,Sent points to another user
b51de533-7cfc-4202-9089-cfba1f9d6f23,4a5de7cc-fa3d-4e9c-b71c-94f91c3dfb97,SPEND,-10919,2024-01-27T20:09:29.186298,Spent points on purchase
03ee32d4-f0c0-4736-a49e-ed94a3cdd873,f9269858-4ae1-415d-b1d1-30a4a34a3c33,RECEIVE,44,2024-04-21T20:09:29.186306,Received points from another user
c159db50-7c20-4d84-a8e3-07ef229d5668,afbcf02f-de04-4415-9505-7dba21ea8a76,EARN,22,2024-05-24T20:09:29.186314,Earned points for purchase
fe202e71-e3b2-484a-a0f3-3a8afa2f1426,f801aa35-3ae4-4309-82e9-d002edfc5672,ADJUST,607,2024-08-13T20:09:29.186322,Points adjustment
d8ddd9ae-b1a2-4ee9-99fc-53e883d92900,009a7306-7567-4ada-8ec8-9bf9c4ef7ecb,ADJUST,-288,2023-10-16T20:09:29.186329,Points adjustment
7ff6fdb5-c5d6-4df8-9b70-50fa1e371af2,d05a3ceb-2823-4e30-8fc5-f16ce7348383,ADJUST,738,2024-04-10T20:09:29.186345,Points adjustment
eb07a6e7-a678-4ab4-b09f-3bb67019b8f1,74e2ca40-dddf-4b64-bf41-676f16ef9fe3,EARN,318,2024-04-04T20:09:29.186353,Earned points for purchase
c462bf20-8017-4cf5-ac87-5deb686a2d9e,f50005de-6abf-48c6-bcc4-8a006e702035,SPEND,-4607,2023-09-15T20:09:29.186361,Spent points on purchase
6e148e9c-f489-419d-895d-4f3ce27336e6,54226ed6-fcfa-44d0-b25d-a4654282e14d,SEND,-69088,2024-01-19T20:09:29.186369,Sent points to another user
4d2b2fd3-28d9-4336-92c6-7aed255dac8a,fbf6b070-3049-4d3c-a9ef-534f649562b7,RECEIVE,419,2024-05-05T20:09:29.186377,Received points from another user
d18c5217-2fae-4e21-9b03-697e22f4983a,72a5b7f4-196e-4aab-8054-333b4641fd3e,ADJUST,-840,2024-01-06T20:09:29.186384,Points adjustment
d07a2d90-9456-4f90-a686-2b836254bd98,486e4c80-5243-4cc3-8ac1-5f78e1b59f58,SEND,-2204,2024-08-09T20:09:29.186392,Sent points to another user
3ee718b8-68c0-4da6-9c17-225dbb084b90,262caea1-a9b1-401c-9840-1c31cf56af26,SPEND,-18133,2024-07-25T20:09:29.186400,Spent points on purchase
b37debb1-486b-4881-a441-e4c5e91ce6e1,1fe0f20f-05a8-4df0-b463-bda47de686e7,SPEND,-92017,2024-04-17T20:09:29.186407,Spent points on purchase
5774b9ad-3436-4da7-b63e-215203d99435,84a51b1b-50ce-4b31-9991-b6d162f4d36b,SPEND,-3145,2024-04-11T20:09:29.186415,Spent points on purchase
e53e419e-fcf1-4898-9a86-fcd973bc5c88,a86ef89f-0ee1-45b4-9168-16ac0b892c01,SPEND,-276,2024-03-16T20:09:29.186423,Spent points on purchase
ecefcbae-1f61-4954-b08f-bf1e4b06eb55,5fa111bc-a653-4ea4-8ce8-ce413a07b2a1,SPEND,-22238,2024-06-02T20:09:29.186431,Spent points on purchase
b9a307c3-ec34-467e-bbed-5699d29ff899,ea271838-9e71-432f-a553-e572fa1380c5,EARN,270,2023-11-11T20:09:29.186439,Earned points for purchase
470e02ec-f986-40be-8698-de47cba2a7f6,a1b8a7df-89bf-42c3-bf89-84aa34b0655b,ADJUST,598,2023-10-27T20:09:29.186446,Points adjustment
093f711f-3295-4c3a-ad4e-4e93dbc038ca,5792d8f6-c455-45e7-87ab-4894e52a845a,RECEIVE,52,2024-06-13T20:09:29.186454,Received points from another user
29268719-7b0c-43d0-b3e7-5aa5a531c70c,9c3bf64e-21ec-4901-b63d-e2937d556d92,EARN,535,2023-11-08T20:09:29.186462,Earned points for purchase
342950a1-e130-4536-9e70-775475a554f3,1f0cc779-5c5c-41d0-9a4d-ffca1ff067ef,ADJUST,-682,2024-03-05T20:09:29.186470,Points adjustment
f2eb8a3b-28fe-4ade-99c6-a1a3673f45a2,d71e6252-4126-4502-b2f6-cf3d55bfe554,RECEIVE,422,2024-03-29T20:09:29.186477,Received points from another user
a66eda85-e89e-4034-bd8f-c79fb0b1026f,173d816b-d538-44dd-a171-aaebb6a50811,ADJUST,-160,2023-11-04T20:09:29.186485,Points adjustment
d24b47b0-09cc-4d2d-86d3-9b62f8a72b6a,03f98f86-b3a8-4f7e-84aa-08d2268f6a8d,ADJUST,943,2024-03-24T20:09:29.186493,Points adjustment
d9dd1d4c-a3b7-4503-88d4-ed4c22d2a2ed,a51bdc9f-7223-481e-83e2-ccb2e787262e,SPEND,-1735,2023-09-12T20:09:29.186500,Spent points on purchase
5639d58f-7815-4333-9472-85f8f214735c,e3879265-31bb-4cae-b35b-bfe1531962f5,RECEIVE,58,2024-07-07T20:09:29.186508,Received points from another user
43e59698-b077-4334-82e8-ca3ae497395e,906c795d-b763-4043-8edb-b2c375a0de75,RECEIVE,20,2023-11-26T20:09:29.186516,Received points from another user
74580b92-5c72-4863-b9c0-3658c577fa4f,4318f150-9109-44d9-9587-ead5758e2f21,RECEIVE,127,2024-07-17T20:09:29.186524,Received points from another user
77dc2d8a-4135-4eb7-b045-714659c1543a,0993fc2d-c8d5-49fb-be1e-cbb31f1a8af8,EARN,591,2023-12-31T20:09:29.186532,Earned points for purchase
ba721c2d-8bff-43c7-9eaf-3d46f8e1cabb,958deee2-55ce-4fca-a644-0f261d08f746,EARN,771,2024-06-27T20:09:29.186539,Earned points for purchase
2117f2a2-eedd-4509-a6f8-9f53810de4b4,f5182df0-64d6-429a-b77f-0e18073778ab,SEND,-84178,2024-02-07T20:09:29.186547,Sent points to another user
d6e85735-1f1c-44f8-b767-6d6b508caca8,5ed25ddd-08bb-474c-a53b-08a0730b63a8,SEND,-27679,2023-10-11T20:09:29.186555,Sent points to another user
5df460e2-f080-43b0-a5c0-bb6d0958c5b8,a4305976-5c49-409c-8860-fa7bc36469de,EARN,729,2024-01-27T20:09:29.186563,Earned points for purchase
c6e75bb4-9ecd-4939-a08a-2969bb2bd810,5088d3ca-2f33-4d40-8855-ff2db78ecccb,ADJUST,-738,2024-03-20T20:09:29.186571,Points adjustment
497d0817-2265-4f44-9b35-962f5c8a2776,76d6c73d-d997-4df7-b8a3-21e202e72e73,SPEND,-29255,2023-11-08T20:09:29.186579,Spent points on purchase
a38779e7-90c1-4ee4-97ab-104c7676f876,d97cb07a-fc7a-4a11-a03c-1924e524ddb2,RECEIVE,892,2024-05-19T20:09:29.186586,Received points from another user
d4b96793-ae1a-4a28-91b6-2e4732e50fdb,a72e24cb-7b21-47f8-97f9-0b2918361e92,ADJUST,-132,2023-11-04T20:09:29.186594,Points adjustment
5e2c7c22-7e70-46f6-9de9-293d94f6bf97,6f34c18f-bbd9-4d23-bbf4-7014c2f9739e,SEND,-9534,2023-11-14T20:09:29.186602,Sent points to another user
18db076f-36a0-4808-bf18-d6b8ac740e5a,1c2346c1-5381-45e4-a8b9-748f0ed8fc8c,EARN,503,2024-04-18T20:09:29.186610,Earned points for purchase
ed6f1130-3f3c-4482-be9c-6661ad4e54f9,d1b28607-660d-4645-ad75-d5d975f2bf13,SPEND,-8379,2024-04-29T20:09:29.186617,Spent points on purchase
4a01c73c-d3d8-4a11-b698-f543c910c7da,a1acd8fb-437f-417d-b027-6ba235aca09d,EARN,739,2024-05-11T20:09:29.186625,Earned points for purchase
ac252d90-0a8b-4c85-8ab3-32f46758d6b9,524b70dd-3bfb-4b91-ab5a-d7061e6c834b,ADJUST,-281,2024-07-17T20:09:29.186633,Points adjustment
2a0e8847-6b60-4cbe-9c22-54aa931169eb,0ac5873e-a85d-43fc-b38b-3ec4c9ffb5e1,ADJUST,-650,2024-04-30T20:09:29.186640,Points adjustment
193521b6-a5ba-447c-b9bd-45a2c81b94fe,966af749-9a85-4c04-96e0-3fb5ec423a94,RECEIVE,541,2024-06-23T20:09:29.186648,Received points from another user
d1968881-9ca0-49d2-82b3-112a0b6f7fb0,52e1683e-ae94-483d-9d1d-214be4604ff7,SPEND,-439,2023-11-03T20:09:29.186656,Spent points on purchase
ded72a2a-edc2-4f79-82b5-d457b388c266,15e750ae-b071-4024-a366-71e2aa3f156d,EARN,873,2024-05-17T20:09:29.186664,Earned points for purchase
8cd88b37-22b8-421d-9b47-5f1d71dbc25b,386e9efb-e978-4e20-bdf6-f581f6b0456e,RECEIVE,64,2024-06-19T20:09:29.186672,Received points from another user
262ca5f1-a695-41fa-94ff-0d101074cf12,92334262-d50f-49c7-a690-25805edb680e,EARN,408,2023-09-27T20:09:29.186680,Earned points for purchase
a3c559b7-b38b-4ebd-b1cc-5eb1490c7440,7720ae82-dda8-41a8-abb5-885fbdd36800,SPEND,-8141,2023-09-24T20:09:29.186687,Spent points on purchase
b117458d-8877-4d3d-a299-f798a09eeba5,0f2c7358-a691-496a-bb05-62026d7036c6,SPEND,-11565,2023-10-31T20:09:29.186695,Spent points on purchase
c15148fc-00a9-4a6a-bc05-81409ea27649,2d83203b-8528-4140-86f3-7b471215808d,SEND,-120,2024-08-21T20:09:29.186703,Sent points to another user
b4845a8f-68dd-49e0-b29c-f30037fb5a99,c3217f86-86d0-4051-a275-7cad1a2ddaea,SPEND,-62116,2024-06-30T20:09:29.186719,Spent points on purchase
22d9e572-7ec9-44ff-acb7-20a0b9251437,1be4e34a-42ba-4257-ba6b-455a1c8f2b08,RECEIVE,53,2024-05-20T20:09:29.186727,Received points from another user
bc83697b-b9e4-4458-9c3a-e42a2d66c0ab,64ae08db-57ca-4f8e-9275-2d2da69e1b57,ADJUST,97,2023-12-08T20:09:29.186735,Points adjustment
5c2a99bd-5e48-440b-a47d-c8d6849e9638,8765bea3-0d4e-4a89-a6f9-8d954b6e2d58,SPEND,-14532,2024-05-04T20:09:29.186743,Spent points on purchase
95563e5c-2e63-415c-bba8-c49720a9a009,7a925e52-e582-481b-947e-ae3cba2139b1,SEND,-24991,2023-09-27T20:09:29.186751,Sent points to another user
52502f2a-cf1d-4dfb-a675-8b686d4f69f7,19bf601f-bbb8-4ced-9f36-ce98e60b39c2,ADJUST,-919,2024-05-10T20:09:29.186759,Points adjustment
925d0b29-af0d-48ab-96a9-21ef3a2c84ec,318b6f41-7506-4338-9c5c-0d63ac8f2f0a,RECEIVE,667,2024-04-12T20:09:29.186766,Received points from another user
89f29111-6b5a-47e0-8b85-0d6c7fe1e5d4,017f7dbb-75f9-426f-81e2-2ee4438de86d,SEND,-29499,2023-12-29T20:09:29.186774,Sent points to another user
436dee7c-c218-4fc7-9648-530e0639ce1b,a1c5415d-613f-455c-ada4-1820ecf7699c,RECEIVE,725,2024-08-10T20:09:29.186782,Received points from another user
e219c99c-909f-4a4f-91b6-f722c66a0a0f,a22cc232-3d7d-4361-a43a-bf793866b610,ADJUST,-96,2023-10-16T20:09:29.186790,Points adjustment
49e2fe7c-ccd6-4f96-b359-dc2c71382a32,de3bfa30-1f5e-4459-8d6b-88e1ff565e19,RECEIVE,613,2024-07-28T20:09:29.186797,Received points from another user
b6ddb47a-218f-4a4a-a475-cea7065299d4,09e3bb3a-b519-4058-95f7-c2593b7cf701,RECEIVE,431,2023-11-13T20:09:29.186805,Received points from another user
a39be279-5d0b-42e7-9033-a979d8dfb486,6dbfbe13-74fc-4a92-a56c-64c4f860c124,EARN,515,2023-09-11T20:09:29.186813,Earned points for purchase
480a98e0-cc24-4f99-959b-f4c1de2298e8,e7b32143-07f0-46d5-ab0c-2b36e2a83505,RECEIVE,292,2024-08-23T20:09:29.186821,Received points from another user
299a4688-f060-4159-94d0-ae3cdcc71eca,1c365d95-4961-4206-bb35-30f08501bf36,SEND,-65214,2024-04-29T20:09:29.186829,Sent points to another user
a8a72124-d0f1-408a-bc48-ac1587615c0a,008a49ef-ea41-4a4e-b694-73150b2395a7,SEND,-7937,2024-08-22T20:09:29.186837,Sent points to another user
4ded22a3-dc37-4755-9ced-50e2813e8d2b,e6507098-6aca-4bb9-b27b-79719830cde3,SEND,-85711,2024-02-04T20:09:29.186845,Sent points to another user
77f06685-d8a0-48a9-8781-7f77310fafa1,7cc8b3a6-ecc3-4384-8240-6f6dc833e8e8,SEND,-2629,2023-09-30T20:09:29.186853,Sent points to another user
48c91cdd-1e92-4bab-9f3f-207e97ac16f6,ddcdf0e9-4b92-426d-9b66-4a874658dcd1,EARN,629,2024-06-20T20:09:29.186860,Earned points for purchase
53ec5607-34b9-473b-93e2-1fd0b8f976b1,828d4657-f13c-4a8e-83b9-a3631db2fc84,EARN,299,2024-07-02T20:09:29.186868,Earned points for purchase
e828f771-d26e-4ee6-a6f3-f2e90548d6ec,27430d16-dfcd-4390-91a0-d9bd37455339,ADJUST,-582,2024-04-13T20:09:29.186876,Points adjustment
589c3d99-3b40-4422-82b8-b8affba4c789,6c59bab2-0abf-4373-a58f-6b2b36a51123,ADJUST,188,2024-03-18T20:09:29.186883,Points adjustment
22ed3a6f-9aa8-4fc1-a68e-30dcf86f6678,ba1e45e3-315d-4e6f-b94d-f58286d5aff6,SEND,-10313,2024-03-11T20:09:29.186891,Sent points to another user
0f8d6607-732e-44b9-a100-7f8de450b374,58f1c3bd-c10f-427c-b2a1-3c589b73a561,SPEND,-3177,2024-05-06T20:09:29.186899,Spent points on purchase
627af0ad-d198-4769-bfef-36656842dcc8,1f57d35f-6def-4e02-937e-8729cb8657c9,RECEIVE,549,2024-08-03T20:09:29.186907,Received points from another user
b2d1ee18-0a3a-4cce-897e-074dd49a626d,c036d534-4aa1-48d5-bada-29a256720928,RECEIVE,138,2023-10-27T20:09:29.186915,Received points from another user
f209ab5b-e1f9-49d5-a1f5-c1eebe79153b,bb9a0dff-782a-4100-831e-a566eb4b6398,RECEIVE,534,2024-01-03T20:09:29.186923,Received points from another user
1582661a-f6b6-4176-b302-6fe1dd3348fa,407b0e1e-2e37-4b8e-8d5c-9f443b1d031d,ADJUST,-248,2023-11-11T20:09:29.186931,Points adjustment
6c70fbf5-cc90-4089-ab13-bdfcf204cd76,27a33068-d0f9-4aa5-ba3e-37a2417fe971,ADJUST,955,2024-06-19T20:09:29.186939,Points adjustment
366c103b-891a-499e-8a98-b3172a30c51f,5f350701-1f8c-4ef4-a71e-fea8716415a6,SEND,-17139,2024-01-10T20:09:29.186947,Sent points to another user
a07db453-105d-4ed1-a463-f96c58252a5b,20f7d7db-b1c8-4f5f-9d30-0907db1692e3,EARN,664,2024-08-31T20:09:29.186955,Earned points for purchase
eb4ae182-5b37-4403-b085-b08b06561fb2,91438273-db50-422c-a308-29f5593659b2,RECEIVE,509,2023-09-05T20:09:29.186963,Received points from another user
a6feebb7-3582-4f1c-9be1-ced86af49c25,288ee63f-ac2f-41df-9499-a1987e20ad6e,RECEIVE,366,2024-03-05T20:09:29.186971,Received points from another user
c8852af7-9b41-40b3-b941-74ae172a69a5,86aeb514-b5e2-411f-803d-e093aec6f8b4,SEND,-3482,2024-04-26T20:09:29.186978,Sent points to another user
92cfc5ea-8d61-4902-8a45-d352c4f74c58,9394a47b-e3ff-42f9-858b-44ae32e158d9,SEND,-12355,2024-02-25T20:09:29.186986,Sent points to another user
49f47cd7-47cd-46a2-8d48-e8182b7ef91d,0548abef-d39b-46ed-81a2-7bb5f761b11b,SEND,-15499,2024-05-05T20:09:29.186994,Sent points to another user
bde38e1a-6dcd-43c2-99f9-ae1815cf7f2b,4f4b2860-1852-45ac-b223-0f606adfe7fa,ADJUST,-798,2023-12-29T20:09:29.187002,Points adjustment
1c23f666-f573-4013-85bc-51509bc85848,fc68871c-182e-431e-8ba8-65aaad5103ed,SPEND,-20312,2023-09-03T20:09:29.187009,Spent points on purchase
b97edf4e-6eec-489a-b6a8-3086fe5da31e,8cddcb54-2784-4a44-ba67-76641228beaa,ADJUST,956,2023-11-09T20:09:29.187017,Points adjustment
1622a1d3-537e-49fb-b37e-1d1c3442bfaa,03d36e28-ca17-4798-93fb-6738629fd809,SPEND,-11951,2024-02-22T20:09:29.187025,Spent points on purchase
89442b11-ee09-4de5-880e-b42b9cef3353,4efa1d42-6c78-4358-8641-9a1b23728aa6,ADJUST,926,2023-12-22T20:09:29.187033,Points adjustment
a2a75061-15a7-480f-a63c-1f8cf569d82c,aecf5870-3a19-424e-b142-22208b8eb9e2,RECEIVE,602,2024-02-05T20:09:29.187040,Received points from another user
77d4f49b-b193-472f-999b-5afe2db19304,59d3bf98-729b-4c09-887c-951040139ebc,RECEIVE,364,2024-05-21T20:09:29.187048,Received points from another user
0d312de1-d83e-4be7-877b-ad75534ce948,f59b5fb3-42cb-42dc-99a9-127c4a410585,EARN,540,2023-10-31T20:09:29.187056,Earned points for purchase
f650d197-c7ee-4107-9c62-784ce09dafa3,549fe859-89df-47fc-bd0d-46fe62001b13,SPEND,-19933,2024-02-03T20:09:29.187064,Spent points on purchase
41074133-41e4-4c1b-b1a5-f6cee88640b9,18ec8b49-edb9-4fd8-b9ff-b7077c110738,EARN,944,2024-05-13T20:09:29.187072,Earned points for purchase
4f3c49c2-c5a9-4cda-a040-95a6b686a8e7,2601d0dd-5d18-4042-8b19-fa71445bda43,SEND,-5358,2024-07-03T20:09:29.187080,Sent points to another user
f8fe7456-1c85-4df3-af7c-00971f2cf5da,40b2ff92-67e2-4da5-8a21-5311c803c44b,EARN,669,2024-06-08T20:09:29.187088,Earned points for purchase
3b70eb79-51ff-4fd4-b89d-b0b56fcea05d,59e8db53-6a69-43da-9d02-a360c4a0c324,SPEND,-35682,2023-12-20T20:09:29.187095,Spent points on purchase
6f0c5238-80b8-41bb-a066-cc9593b37bc9,d4faa737-84d5-49cd-a9f3-6fae2ac7733d,RECEIVE,185,2024-07-14T20:09:29.187103,Received points from another user
07fd1dbf-54c4-47a6-a0aa-e9e0315b06e5,fb6fcbaf-16b2-453d-8654-ee6b5d3969f4,ADJUST,-99,2024-03-08T20:09:29.187111,Points adjustment
a67f444a-f7a6-42af-a341-d7fbb7445f46,69a0a7c3-fa98-4833-a403-24752a4adadc,SEND,-3555,2023-11-06T20:09:29.187119,Sent points to another user
c0cff5d0-31cf-4ffd-9fb0-9539daae5bf9,244e98e0-fe9e-4062-9107-bde90539d9d0,SPEND,-13590,2024-02-07T20:09:29.187127,Spent points on purchase
96b69afc-cfa6-42dd-a7a0-3adf66d878f2,52aed18c-63b9-45f8-993a-cc87190cd6ae,SEND,-3265,2024-02-28T20:09:29.187135,Sent points to another user
58935a4f-3894-47e3-b26f-b95af5ce127e,0e53e631-712e-455a-8511-5c4227740e25,EARN,950,2023-12-25T20:09:29.187142,Earned points for purchase
71802c86-bccb-4b94-8c9e-9f34f76e3997,9684705d-6568-4569-bea5-66fdc1d63a3c,SEND,-22266,2024-06-15T20:09:29.187150,Sent points to another user
c5f923cd-63ee-450d-aa91-a213ae2a0206,74b61f6b-38f9-498f-9cc0-4b5773e39f70,SPEND,-51107,2024-02-24T20:09:29.187158,Spent points on purchase
b199f8e0-c9e4-481d-b240-677aea7cb906,7c63e579-3733-4244-92be-67ee2a6eae7d,RECEIVE,783,2023-09-08T20:09:29.187166,Received points from another user
f3c871df-486b-44b7-a966-089f24a1c764,31392992-681a-4c42-b57c-caed59b2d5ef,RECEIVE,663,2024-06-25T20:09:29.187187,Received points from another user
abae9d98-080b-49ce-947d-52b647884c40,e6ef3b19-997d-4569-82ec-1cb9f9b7631f,SEND,-16439,2023-11-09T20:09:29.187196,Sent points to another user
c3a869c5-76cc-4b10-89e6-f737841e7bfe,14610479-b28b-4db8-abe5-5f3d25627b24,ADJUST,-358,2024-08-05T20:09:29.187203,Points adjustment
aeb4179c-c177-4e80-8111-eea977575648,860627f9-535a-4bf9-9cdd-c8f65c7be9ab,RECEIVE,664,2024-01-27T20:09:29.187211,Received points from another user
df17a28f-8813-4b48-adeb-d8a9506d6e79,7cbbd218-eca3-4608-8b49-adfb2d908c48,SEND,-42540,2024-02-24T20:09:29.187219,Sent points to another user
768688c6-a673-4c43-9797-142ccd3dcadb,5275cb11-6844-476c-a0fe-eca4c4dc5c0d,EARN,240,2024-05-14T20:09:29.187227,Earned points for purchase
398f4f08-750a-4417-a682-86fe761ddb51,133476a8-01d2-4f64-a664-a9ab48944171,EARN,727,2024-07-12T20:09:29.187235,Earned points for purchase
1e94144c-f1c1-4688-8d2d-a23891a243d5,a4c8320c-dbf8-411b-954e-98efb0befde2,SEND,-7197,2024-08-09T20:09:29.187243,Sent points to another user
80b2ad37-b7cb-456e-b514-f30de7777f25,32dfad3f-e171-4c0d-885a-fba8b7a9e9ca,ADJUST,-740,2023-09-13T20:09:29.187251,Points adjustment